BATTLE/BATINI.X	5695
BATTLE/BATRES.X	3610
BATTLE/BATTLE.X	130382
BATTLE/BROM.X	1140
BATTLE/CO.BIN	5707
BATTLE/SCENE.BIN	278528
BATTLE/TITLE.BIN	12886
ENEMY1/ENEMY000.LZS	515
ENEMY1/ENEMY001.LZS	515
ENEMY1/ENEMY002.LZS	515
ENEMY1/ENEMY003.LZS	515
ENEMY1/ENEMY004.LZS	515
ENEMY1/ENEMY005.LZS	515
ENEMY1/ENEMY006.LZS	515
ENEMY1/ENEMY007.LZS	515
ENEMY1/ENEMY008.LZS	515
ENEMY1/ENEMY009.LZS	515
ENEMY1/ENEMY010.LZS	74185
ENEMY1/ENEMY011.LZS	99972
ENEMY1/ENEMY012.LZS	4617
ENEMY1/ENEMY013.LZS	50588
ENEMY1/ENEMY014.LZS	27108
ENEMY1/ENEMY015.LZS	19253
ENEMY1/ENEMY016.LZS	23038
ENEMY1/ENEMY017.LZS	20469
ENEMY1/ENEMY018.LZS	11431
ENEMY1/ENEMY019.LZS	26554
ENEMY1/ENEMY020.LZS	7364
ENEMY1/ENEMY021.LZS	29943
ENEMY1/ENEMY022.LZS	63696
ENEMY1/ENEMY023.LZS	16314
ENEMY1/ENEMY024.LZS	5278
ENEMY1/ENEMY025.LZS	18814
ENEMY1/ENEMY026.LZS	9521
ENEMY1/ENEMY027.LZS	10386
ENEMY1/ENEMY028.LZS	14302
ENEMY1/ENEMY029.LZS	12726
ENEMY1/ENEMY030.LZS	28166
ENEMY1/ENEMY031.LZS	20046
ENEMY1/ENEMY032.LZS	6418
ENEMY1/ENEMY033.LZS	59579
ENEMY1/ENEMY034.LZS	28692
ENEMY1/ENEMY035.LZS	16814
ENEMY1/ENEMY036.LZS	16814
ENEMY1/ENEMY037.LZS	68479
ENEMY1/ENEMY038.LZS	22437
ENEMY1/ENEMY039.LZS	14781
ENEMY1/ENEMY040.LZS	27632
ENEMY1/ENEMY041.LZS	16957
ENEMY1/ENEMY042.LZS	12205
ENEMY1/ENEMY043.LZS	18757
ENEMY1/ENEMY044.LZS	5009
ENEMY1/ENEMY045.LZS	37880
ENEMY1/ENEMY046.LZS	18796
ENEMY1/ENEMY047.LZS	18410
ENEMY1/ENEMY048.LZS	26143
ENEMY1/ENEMY049.LZS	515
ENEMY1/ENEMY050.LZS	31150
ENEMY1/ENEMY051.LZS	7291
ENEMY1/ENEMY052.LZS	8196
ENEMY1/ENEMY053.LZS	18534
ENEMY1/ENEMY054.LZS	848
ENEMY1/ENEMY055.LZS	15913
ENEMY1/ENEMY056.LZS	20430
ENEMY1/ENEMY057.LZS	16745
ENEMY1/ENEMY058.LZS	20298
ENEMY1/ENEMY059.LZS	15309
ENEMY2/ENEMY060.LZS	18523
ENEMY2/ENEMY061.LZS	16546
ENEMY2/ENEMY062.LZS	19418
ENEMY2/ENEMY063.LZS	23969
ENEMY2/ENEMY064.LZS	52379
ENEMY2/ENEMY065.LZS	5131
ENEMY2/ENEMY066.LZS	48853
ENEMY2/ENEMY067.LZS	49169
ENEMY2/ENEMY068.LZS	35462
ENEMY2/ENEMY069.LZS	18407
ENEMY2/ENEMY070.LZS	16586
ENEMY2/ENEMY071.LZS	63483
ENEMY2/ENEMY072.LZS	26269
ENEMY2/ENEMY073.LZS	29838
ENEMY2/ENEMY074.LZS	28198
ENEMY2/ENEMY075.LZS	28162
ENEMY2/ENEMY076.LZS	17613
ENEMY2/ENEMY077.LZS	39596
ENEMY2/ENEMY078.LZS	27320
ENEMY2/ENEMY079.LZS	15821
ENEMY2/ENEMY080.LZS	17303
ENEMY2/ENEMY081.LZS	86260
ENEMY2/ENEMY082.LZS	18652
ENEMY2/ENEMY083.LZS	18793
ENEMY2/ENEMY084.LZS	17517
ENEMY2/ENEMY085.LZS	14314
ENEMY2/ENEMY086.LZS	38882
ENEMY2/ENEMY087.LZS	16793
ENEMY2/ENEMY088.LZS	53170
ENEMY2/ENEMY089.LZS	16554
ENEMY2/ENEMY090.LZS	14199
ENEMY2/ENEMY091.LZS	73628
ENEMY2/ENEMY092.LZS	1739
ENEMY2/ENEMY093.LZS	15921
ENEMY2/ENEMY094.LZS	18523
ENEMY2/ENEMY095.LZS	49540
ENEMY2/ENEMY096.LZS	13466
ENEMY2/ENEMY097.LZS	13339
ENEMY2/ENEMY098.LZS	13278
ENEMY2/ENEMY099.LZS	14535
ENEMY2/ENEMY100.LZS	9144
ENEMY2/ENEMY101.LZS	17527
ENEMY2/ENEMY102.LZS	10546
ENEMY2/ENEMY103.LZS	27695
ENEMY2/ENEMY104.LZS	20968
ENEMY2/ENEMY105.LZS	15138
ENEMY2/ENEMY106.LZS	22939
ENEMY2/ENEMY107.LZS	11299
ENEMY2/ENEMY108.LZS	31438
ENEMY2/ENEMY109.LZS	16888
ENEMY2/ENEMY110.LZS	48807
ENEMY2/ENEMY111.LZS	32814
ENEMY2/ENEMY112.LZS	16866
ENEMY2/ENEMY113.LZS	14995
ENEMY2/ENEMY114.LZS	30887
ENEMY2/ENEMY115.LZS	17990
ENEMY2/ENEMY116.LZS	62478
ENEMY2/ENEMY117.LZS	29021
ENEMY2/ENEMY118.LZS	21240
ENEMY2/ENEMY119.LZS	10475
ENEMY3/ENEMY120.LZS	29551
ENEMY3/ENEMY121.LZS	22495
ENEMY3/ENEMY122.LZS	32290
ENEMY3/ENEMY123.LZS	42798
ENEMY3/ENEMY124.LZS	16776
ENEMY3/ENEMY125.LZS	36366
ENEMY3/ENEMY126.LZS	29476
ENEMY3/ENEMY127.LZS	26143
ENEMY3/ENEMY128.LZS	23875
ENEMY3/ENEMY129.LZS	21807
ENEMY3/ENEMY130.LZS	54813
ENEMY3/ENEMY131.LZS	36074
ENEMY3/ENEMY132.LZS	26815
ENEMY3/ENEMY133.LZS	22346
ENEMY3/ENEMY134.LZS	29338
ENEMY3/ENEMY135.LZS	21968
ENEMY3/ENEMY136.LZS	12663
ENEMY3/ENEMY137.LZS	20164
ENEMY3/ENEMY138.LZS	6912
ENEMY3/ENEMY139.LZS	51109
ENEMY3/ENEMY140.LZS	19902
ENEMY3/ENEMY141.LZS	25528
ENEMY3/ENEMY142.LZS	20786
ENEMY3/ENEMY143.LZS	27944
ENEMY3/ENEMY144.LZS	9159
ENEMY3/ENEMY145.LZS	8650
ENEMY3/ENEMY146.LZS	18043
ENEMY3/ENEMY147.LZS	14023
ENEMY3/ENEMY148.LZS	10216
ENEMY3/ENEMY149.LZS	23958
ENEMY3/ENEMY150.LZS	6381
ENEMY3/ENEMY151.LZS	27845
ENEMY3/ENEMY152.LZS	29566
ENEMY3/ENEMY153.LZS	27002
ENEMY3/ENEMY154.LZS	20605
ENEMY3/ENEMY155.LZS	23891
ENEMY3/ENEMY156.LZS	15289
ENEMY3/ENEMY157.LZS	31672
ENEMY3/ENEMY158.LZS	24128
ENEMY3/ENEMY159.LZS	21594
ENEMY3/ENEMY160.LZS	23974
ENEMY3/ENEMY161.LZS	11068
ENEMY3/ENEMY162.LZS	20992
ENEMY3/ENEMY163.LZS	55527
ENEMY3/ENEMY164.LZS	32187
ENEMY3/ENEMY165.LZS	24347
ENEMY3/ENEMY166.LZS	9490
ENEMY3/ENEMY167.LZS	17240
ENEMY3/ENEMY168.LZS	15042
ENEMY3/ENEMY169.LZS	12359
ENEMY3/ENEMY170.LZS	18426
ENEMY3/ENEMY171.LZS	15879
ENEMY3/ENEMY172.LZS	19645
ENEMY3/ENEMY173.LZS	18321
ENEMY3/ENEMY174.LZS	25120
ENEMY3/ENEMY175.LZS	30707
ENEMY3/ENEMY176.LZS	19293
ENEMY3/ENEMY177.LZS	26445
ENEMY3/ENEMY178.LZS	27944
ENEMY3/ENEMY179.LZS	21807
ENEMY4/ENEMY180.LZS	21594
ENEMY4/ENEMY181.LZS	20992
ENEMY4/ENEMY182.LZS	60220
ENEMY4/ENEMY183.LZS	4255
ENEMY4/ENEMY184.LZS	4424
ENEMY4/ENEMY185.LZS	20862
ENEMY4/ENEMY186.LZS	23995
ENEMY4/ENEMY187.LZS	23412
ENEMY4/ENEMY188.LZS	23839
ENEMY4/ENEMY189.LZS	10476
ENEMY4/ENEMY190.LZS	45419
ENEMY4/ENEMY191.LZS	34892
ENEMY4/ENEMY192.LZS	17188
ENEMY4/ENEMY193.LZS	38801
ENEMY4/ENEMY194.LZS	24460
ENEMY4/ENEMY195.LZS	48503
ENEMY4/ENEMY196.LZS	90555
ENEMY4/ENEMY197.LZS	42596
ENEMY4/ENEMY198.LZS	38332
ENEMY4/ENEMY199.LZS	25940
ENEMY4/ENEMY200.LZS	15380
ENEMY4/ENEMY201.LZS	9982
ENEMY4/ENEMY202.LZS	25123
ENEMY4/ENEMY203.LZS	15829
ENEMY4/ENEMY204.LZS	48280
ENEMY4/ENEMY205.LZS	35302
ENEMY4/ENEMY206.LZS	21742
ENEMY4/ENEMY207.LZS	25887
ENEMY4/ENEMY208.LZS	24793
ENEMY4/ENEMY209.LZS	15286
ENEMY4/ENEMY210.LZS	45322
ENEMY4/ENEMY211.LZS	30597
ENEMY4/ENEMY212.LZS	21640
ENEMY4/ENEMY213.LZS	2215
ENEMY4/ENEMY214.LZS	2149
ENEMY4/ENEMY215.LZS	34680
ENEMY4/ENEMY216.LZS	38742
ENEMY4/ENEMY217.LZS	12240
ENEMY4/ENEMY218.LZS	21183
ENEMY4/ENEMY219.LZS	51379
ENEMY4/ENEMY220.LZS	19339
ENEMY4/ENEMY221.LZS	11251
ENEMY4/ENEMY222.LZS	23466
ENEMY4/ENEMY223.LZS	59431
ENEMY4/ENEMY224.LZS	17269
ENEMY4/ENEMY225.LZS	28595
ENEMY4/ENEMY226.LZS	18891
ENEMY4/ENEMY227.LZS	10057
ENEMY4/ENEMY228.LZS	74335
ENEMY4/ENEMY229.LZS	33052
ENEMY4/ENEMY230.LZS	31820
ENEMY4/ENEMY231.LZS	55049
ENEMY4/ENEMY232.LZS	15071
ENEMY4/ENEMY233.LZS	29006
ENEMY4/ENEMY234.LZS	85773
ENEMY4/ENEMY235.LZS	11335
ENEMY4/ENEMY236.LZS	2403
ENEMY4/ENEMY237.LZS	19687
ENEMY4/ENEMY238.LZS	30121
ENEMY4/ENEMY239.LZS	12733
ENEMY5/ENEMY240.LZS	25127
ENEMY5/ENEMY241.LZS	17975
ENEMY5/ENEMY242.LZS	19652
ENEMY5/ENEMY243.LZS	29375
ENEMY5/ENEMY244.LZS	12497
ENEMY5/ENEMY245.LZS	5823
ENEMY5/ENEMY246.LZS	51807
ENEMY5/ENEMY247.LZS	15644
ENEMY5/ENEMY248.LZS	13489
ENEMY5/ENEMY249.LZS	18523
ENEMY5/ENEMY250.LZS	18321
ENEMY5/ENEMY251.LZS	24206
ENEMY5/ENEMY252.LZS	28172
ENEMY5/ENEMY253.LZS	16450
ENEMY5/ENEMY254.LZS	23735
ENEMY5/ENEMY255.LZS	3019
ENEMY5/ENEMY256.LZS	3069
ENEMY5/ENEMY257.LZS	16474
ENEMY5/ENEMY258.LZS	38059
ENEMY5/ENEMY259.LZS	19014
ENEMY5/ENEMY260.LZS	19129
ENEMY5/ENEMY261.LZS	15295
ENEMY5/ENEMY262.LZS	24382
ENEMY5/ENEMY263.LZS	18729
ENEMY5/ENEMY264.LZS	34259
ENEMY5/ENEMY265.LZS	12733
ENEMY5/ENEMY266.LZS	41196
ENEMY5/ENEMY267.LZS	24996
ENEMY5/ENEMY268.LZS	34577
ENEMY5/ENEMY269.LZS	14268
ENEMY5/ENEMY270.LZS	17911
ENEMY5/ENEMY271.LZS	52564
ENEMY5/ENEMY272.LZS	55740
ENEMY5/ENEMY273.LZS	47145
ENEMY5/ENEMY274.LZS	26143
ENEMY5/ENEMY275.LZS	23875
ENEMY5/ENEMY276.LZS	55587
ENEMY5/ENEMY277.LZS	13629
ENEMY5/ENEMY278.LZS	22010
ENEMY5/ENEMY279.LZS	17465
ENEMY5/ENEMY280.LZS	48635
ENEMY5/ENEMY281.LZS	23875
ENEMY5/ENEMY282.LZS	32022
ENEMY5/ENEMY283.LZS	32022
ENEMY5/ENEMY284.LZS	32022
ENEMY5/ENEMY285.LZS	61121
ENEMY5/ENEMY286.LZS	16324
ENEMY5/ENEMY287.LZS	19138
ENEMY5/ENEMY288.LZS	6395
ENEMY5/ENEMY289.LZS	14220
ENEMY5/ENEMY290.LZS	9715
ENEMY5/ENEMY291.LZS	14395
ENEMY5/ENEMY292.LZS	6334
ENEMY5/ENEMY293.LZS	20278
ENEMY5/ENEMY294.LZS	20832
ENEMY5/ENEMY295.LZS	33890
ENEMY5/ENEMY296.LZS	27118
ENEMY5/ENEMY297.LZS	26143
ENEMY5/ENEMY298.LZS	23875
ENEMY5/ENEMY299.LZS	88426
ENEMY6/BARRETT2.LZS	68966
ENEMY6/BARRETT3.LZS	68399
ENEMY6/BARRETT4.LZS	68464
ENEMY6/BARRETT.LZS	70484
ENEMY6/CHAOS.LZS	35599
ENEMY6/CID.LZS	68714
ENEMY6/CLOUD.LZS	66694
ENEMY6/DEATHGIG.LZS	43206
ENEMY6/EARITH.LZS	65930
ENEMY6/ENEMY300.LZS	7563
ENEMY6/ENEMY301.LZS	20341
ENEMY6/ENEMY302.LZS	39681
ENEMY6/ENEMY303.LZS	2311
ENEMY6/ENEMY304.LZS	61917
ENEMY6/ENEMY305.LZS	36254
ENEMY6/ENEMY306.LZS	59967
ENEMY6/ENEMY307.LZS	14249
ENEMY6/ENEMY308.LZS	29680
ENEMY6/ENEMY309.LZS	48541
ENEMY6/ENEMY310.LZS	21312
ENEMY6/ENEMY311.LZS	40364
ENEMY6/ENEMY312.LZS	49071
ENEMY6/ENEMY313.LZS	62053
ENEMY6/ENEMY314.LZS	30017
ENEMY6/ENEMY315.LZS	97088
ENEMY6/ENEMY316.LZS	35638
ENEMY6/ENEMY317.LZS	30453
ENEMY6/ENEMY318.LZS	45170
ENEMY6/ENEMY319.LZS	7180
ENEMY6/ENEMY320.LZS	52654
ENEMY6/ENEMY321.LZS	14307
ENEMY6/ENEMY322.LZS	37139
ENEMY6/ENEMY323.LZS	34956
ENEMY6/ENEMY324.LZS	66485
ENEMY6/ENEMY325.LZS	73501
ENEMY6/ENEMY326.LZS	73899
ENEMY6/ENEMY327.LZS	73942
ENEMY6/ENEMY328.LZS	73501
ENEMY6/ENEMY329.LZS	73899
ENEMY6/ENEMY330.LZS	73942
ENEMY6/ENEMY331.LZS	90266
ENEMY6/ENEMY332.LZS	69717
ENEMY6/ENEMY333.LZS	74666
ENEMY6/ENEMY334.LZS	74666
ENEMY6/ENEMY335.LZS	73626
ENEMY6/ENEMY336.LZS	73626
ENEMY6/ENEMY337.LZS	9620
ENEMY6/ENEMY338.LZS	24486
ENEMY6/ENEMY339.LZS	28520
ENEMY6/ENEMY340.LZS	28520
ENEMY6/ENEMY341.LZS	28520
ENEMY6/ENEMY342.LZS	28520
ENEMY6/ENEMY343.LZS	28520
ENEMY6/ENEMY344.LZS	28520
ENEMY6/ENEMY345.LZS	28520
ENEMY6/ENEMY346.LZS	28520
ENEMY6/ENEMY347.LZS	28520
ENEMY6/ENEMY348.LZS	28520
ENEMY6/ENEMY349.LZS	28520
ENEMY6/ENEMY350.LZS	28520
ENEMY6/ENEMY351.LZS	28520
ENEMY6/ENEMY352.LZS	28520
ENEMY6/ENEMY353.LZS	29840
ENEMY6/ENEMY354.LZS	29840
ENEMY6/ENEMY355.LZS	29840
ENEMY6/ENEMY356.LZS	29840
ENEMY6/ENEMY357.LZS	29840
ENEMY6/ENEMY358.LZS	29840
ENEMY6/ENEMY359.LZS	16814
ENEMY6/ENEMY360.LZS	16814
ENEMY6/ENEMY361.LZS	16814
ENEMY6/ENEMY362.LZS	17911
ENEMY6/ENEMY363.LZS	14268
ENEMY6/ENEMY364.LZS	9620
ENEMY6/ENEMY365.LZS	24160
ENEMY6/ENEMY366.LZS	24160
ENEMY6/ENEMY367.LZS	24160
ENEMY6/ENEMY368.LZS	24160
ENEMY6/ENEMY369.LZS	24160
ENEMY6/FAN2.SND	2420
ENEMY6/GALL.LZS	49725
ENEMY6/HELLMASK.LZS	49620
ENEMY6/HICLOUD.LZS	99118
ENEMY6/KETCY.LZS	58829
ENEMY6/OVER2.SND	1952
ENEMY6/RED13.LZS	53708
ENEMY6/SEFFECT.LZS	41859
ENEMY6/SEFIROS.LZS	43264
ENEMY6/TIFA.LZS	70611
ENEMY6/VINSENT2.LZS	69093
ENEMY6/VINSENT3.LZS	69366
ENEMY6/VINSENT.LZS	68735
ENEMY6/YUFI.LZS	72586
FIELD/4SBWY_1.BSX	7994
FIELD/4SBWY_1.DAT	6778
FIELD/4SBWY_1.MIM	31634
FIELD/4SBWY_22.BSX	1735
FIELD/4SBWY_22.DAT	13727
FIELD/4SBWY_22.MIM	66611
FIELD/4SBWY_2.BSX	1395
FIELD/4SBWY_2.DAT	7233
FIELD/4SBWY_2.MIM	66611
FIELD/4SBWY_3.BSX	9870
FIELD/4SBWY_3.DAT	9689
FIELD/4SBWY_3.MIM	81857
FIELD/4SBWY_4.BSX	6554
FIELD/4SBWY_4.DAT	9967
FIELD/4SBWY_4.MIM	126311
FIELD/4SBWY_5.BSX	8984
FIELD/4SBWY_5.DAT	14118
FIELD/4SBWY_5.MIM	227504
FIELD/4SBWY_6.BSX	21749
FIELD/4SBWY_6.DAT	14293
FIELD/4SBWY_6.MIM	246341
FIELD/5MIN1_1.BSX	15774
FIELD/5MIN1_1.DAT	10861
FIELD/5MIN1_1.MIM	194828
FIELD/5MIN1_2.BSX	15068
FIELD/5MIN1_2.DAT	7525
FIELD/5MIN1_2.MIM	94659
FIELD/5TOWER.BSX	62959
FIELD/5TOWER.DAT	23160
FIELD/5TOWER.MIM	68714
FIELD/7MIN1.BSX	44098
FIELD/7MIN1.DAT	10017
FIELD/7MIN1.MIM	152943
FIELD/ANCNT1.BSX	16325
FIELD/ANCNT1.DAT	24389
FIELD/ANCNT1.MIM	263017
FIELD/ANCNT2.BSX	28577
FIELD/ANCNT2.DAT	20457
FIELD/ANCNT2.MIM	208704
FIELD/ANCNT3.BSX	28315
FIELD/ANCNT3.DAT	20464
FIELD/ANCNT3.MIM	254717
FIELD/ANCNT4.BSX	46697
FIELD/ANCNT4.DAT	18886
FIELD/ANCNT4.MIM	242367
FIELD/ANFRST_1.BSX	19974
FIELD/ANFRST_1.DAT	23825
FIELD/ANFRST_1.MIM	337417
FIELD/ANFRST_2.BSX	11332
FIELD/ANFRST_2.DAT	19176
FIELD/ANFRST_2.MIM	315601
FIELD/ANFRST_3.BSX	14735
FIELD/ANFRST_3.DAT	23875
FIELD/ANFRST_3.MIM	327566
FIELD/ANFRST_4.BSX	14564
FIELD/ANFRST_4.DAT	22368
FIELD/ANFRST_4.MIM	353763
FIELD/ANFRST_5.BSX	4159
FIELD/ANFRST_5.DAT	20933
FIELD/ANFRST_5.MIM	205041
FIELD/ASTAGE_A.BSX	56425
FIELD/ASTAGE_A.DAT	13582
FIELD/ASTAGE_A.MIM	120035
FIELD/ASTAGE_B.BSX	86831
FIELD/ASTAGE_B.DAT	8457
FIELD/ASTAGE_B.MIM	62397
FIELD/BALLET.BCX	7973
FIELD/BIGWHEEL.BSX	42341
FIELD/BIGWHEEL.DAT	11280
FIELD/BIGWHEEL.MIM	77013
FIELD/BLACKBG1.BSX	17895
FIELD/BLACKBG1.DAT	12318
FIELD/BLACKBG1.MIM	31221
FIELD/BLACKBG2.BSX	110011
FIELD/BLACKBG2.DAT	26792
FIELD/BLACKBG2.MIM	31221
FIELD/BLACKBG3.BSX	42942
FIELD/BLACKBG3.DAT	22303
FIELD/BLACKBG3.MIM	31221
FIELD/BLACKBG4.BSX	52359
FIELD/BLACKBG4.DAT	13010
FIELD/BLACKBG4.MIM	31221
FIELD/BLACKBG5.BSX	44979
FIELD/BLACKBG5.DAT	10767
FIELD/BLACKBG5.MIM	31221
FIELD/BLACKBG6.BSX	13763
FIELD/BLACKBG6.DAT	9663
FIELD/BLACKBG6.MIM	31221
FIELD/BLACKBG7.BSX	24079
FIELD/BLACKBG7.DAT	13557
FIELD/BLACKBG7.MIM	31221
FIELD/BLACKBG8.BSX	22322
FIELD/BLACKBG8.DAT	8945
FIELD/BLACKBG8.MIM	31221
FIELD/BLACKBG9.BSX	90
FIELD/BLACKBG9.DAT	12776
FIELD/BLACKBG9.MIM	31221
FIELD/BLACKBGA.BSX	58790
FIELD/BLACKBGA.DAT	2048
FIELD/BLACKBGA.MIM	31221
FIELD/BLACKBGB.BSX	11462
FIELD/BLACKBGB.DAT	13097
FIELD/BLACKBGB.MIM	31221
FIELD/BLACKBGC.BSX	90
FIELD/BLACKBGC.DAT	7345
FIELD/BLACKBGC.MIM	31221
FIELD/BLACKBGD.BSX	21124
FIELD/BLACKBGD.DAT	7949
FIELD/BLACKBGD.MIM	31221
FIELD/BLACKBGE.BSX	90
FIELD/BLACKBGE.DAT	7404
FIELD/BLACKBGE.MIM	31221
FIELD/BLACKBGF.BSX	2048
FIELD/BLACKBGF.DAT	2048
FIELD/BLACKBGF.MIM	31221
FIELD/BLACKBGG.BSX	2048
FIELD/BLACKBGG.DAT	2048
FIELD/BLACKBGG.MIM	31221
FIELD/BLACKBGH.BSX	90
FIELD/BLACKBGH.DAT	15960
FIELD/BLACKBGH.MIM	31221
FIELD/BLACKBGI.BSX	17214
FIELD/BLACKBGI.DAT	15981
FIELD/BLACKBGI.MIM	31221
FIELD/BLACKBGJ.BSX	16640
FIELD/BLACKBGJ.DAT	8147
FIELD/BLACKBGJ.MIM	31221
FIELD/BLACKBGK.BSX	20671
FIELD/BLACKBGK.DAT	13900
FIELD/BLACKBGK.MIM	31221
FIELD/BLIN1.BSX	29734
FIELD/BLIN1.DAT	23083
FIELD/BLIN1.MIM	187457
FIELD/BLIN2.BSX	193
FIELD/BLIN2.DAT	12265
FIELD/BLIN2_I.BSX	18278
FIELD/BLIN2_I.DAT	12511
FIELD/BLIN2_I.MIM	114036
FIELD/BLIN2.MIM	110294
FIELD/BLIN3_1.BSX	116
FIELD/BLIN3_1.DAT	10309
FIELD/BLIN3_1.MIM	78840
FIELD/BLIN59.BSX	7564
FIELD/BLIN59.DAT	14393
FIELD/BLIN59.MIM	122016
FIELD/BLIN60_1.BSX	13723
FIELD/BLIN60_1.DAT	17427
FIELD/BLIN60_1.MIM	167423
FIELD/BLIN60_2.BSX	759
FIELD/BLIN60_2.DAT	6910
FIELD/BLIN60_2.MIM	89733
FIELD/BLIN61.BSX	22896
FIELD/BLIN61.DAT	16781
FIELD/BLIN61.MIM	211741
FIELD/BLIN62_1.BSX	12413
FIELD/BLIN62_1.DAT	20510
FIELD/BLIN62_1.MIM	176877
FIELD/BLIN62_2.BSX	190
FIELD/BLIN62_2.DAT	8258
FIELD/BLIN62_2.MIM	88395
FIELD/BLIN62_3.BSX	193
FIELD/BLIN62_3.DAT	7279
FIELD/BLIN62_3.MIM	87662
FIELD/BLIN63_1.BSX	3715
FIELD/BLIN63_1.DAT	22935
FIELD/BLIN63_1.MIM	180059
FIELD/BLIN63_T.BSX	1197
FIELD/BLIN63_T.DAT	7950
FIELD/BLIN63_T.MIM	79411
FIELD/BLIN64.BSX	35227
FIELD/BLIN64.DAT	20804
FIELD/BLIN64.MIM	192238
FIELD/BLIN65_1.BSX	4250
FIELD/BLIN65_1.DAT	14401
FIELD/BLIN65_1.MIM	189126
FIELD/BLIN65_2.BSX	115
FIELD/BLIN65_2.DAT	10097
FIELD/BLIN65_2.MIM	135658
FIELD/BLIN66_1.BSX	66205
FIELD/BLIN66_1.DAT	27877
FIELD/BLIN66_1.MIM	183215
FIELD/BLIN66_2.BSX	50027
FIELD/BLIN66_2.DAT	21134
FIELD/BLIN66_2.MIM	111037
FIELD/BLIN66_3.BSX	7948
FIELD/BLIN66_3.DAT	15288
FIELD/BLIN66_3.MIM	54495
FIELD/BLIN66_4.BSX	6825
FIELD/BLIN66_4.DAT	14676
FIELD/BLIN66_4.MIM	56829
FIELD/BLIN66_5.BSX	47546
FIELD/BLIN66_5.DAT	18089
FIELD/BLIN66_5.MIM	52215
FIELD/BLIN66_6.BSX	68127
FIELD/BLIN66_6.DAT	13461
FIELD/BLIN66_6.MIM	111037
FIELD/BLIN671B.BSX	22899
FIELD/BLIN671B.DAT	22095
FIELD/BLIN671B.MIM	190494
FIELD/BLIN67_1.BSX	28779
FIELD/BLIN67_1.DAT	24217
FIELD/BLIN67_1.MIM	195167
FIELD/BLIN67_2.BSX	43577
FIELD/BLIN67_2.DAT	24097
FIELD/BLIN67_2.MIM	117646
FIELD/BLIN673B.BSX	8441
FIELD/BLIN673B.DAT	20126
FIELD/BLIN673B.MIM	166930
FIELD/BLIN67_3.BSX	33925
FIELD/BLIN67_3.DAT	23471
FIELD/BLIN67_3.MIM	188103
FIELD/BLIN67_4.BSX	91
FIELD/BLIN67_4.DAT	14970
FIELD/BLIN67_4.MIM	82970
FIELD/BLIN68_1.BSX	24103
FIELD/BLIN68_1.DAT	26119
FIELD/BLIN68_1.MIM	213038
FIELD/BLIN68_2.BSX	43332
FIELD/BLIN68_2.DAT	27785
FIELD/BLIN68_2.MIM	158561
FIELD/BLIN69_1.BSX	19380
FIELD/BLIN69_1.DAT	29021
FIELD/BLIN69_1.MIM	214072
FIELD/BLIN69_2.BSX	2048
FIELD/BLIN69_2.DAT	2048
FIELD/BLIN69_2.MIM	2048
FIELD/BLIN70_1.BSX	33886
FIELD/BLIN70_1.DAT	25202
FIELD/BLIN70_1.MIM	200300
FIELD/BLIN70_2.BSX	66052
FIELD/BLIN70_2.DAT	19367
FIELD/BLIN70_2.MIM	85066
FIELD/BLIN70_3.BSX	40359
FIELD/BLIN70_3.DAT	20277
FIELD/BLIN70_3.MIM	152110
FIELD/BLIN70_4.BSX	42346
FIELD/BLIN70_4.DAT	9644
FIELD/BLIN70_4.MIM	52957
FIELD/BLINELE.BSX	28639
FIELD/BLINELE.DAT	9241
FIELD/BLINELE.MIM	67019
FIELD/BLINST_1.BSX	127
FIELD/BLINST_1.DAT	13518
FIELD/BLINST_1.MIM	151399
FIELD/BLINST_2.BSX	7769
FIELD/BLINST_2.DAT	18776
FIELD/BLINST_2.MIM	200871
FIELD/BLINST_3.BSX	3266
FIELD/BLINST_3.DAT	12596
FIELD/BLINST_3.MIM	161569
FIELD/BLUE_1.BSX	115
FIELD/BLUE_1.DAT	10107
FIELD/BLUE_1.MIM	104272
FIELD/BLUE_2.BSX	6303
FIELD/BLUE_2.DAT	15863
FIELD/BLUE_2.MIM	148326
FIELD/BONEVIL2.BSX	23454
FIELD/BONEVIL2.DAT	14587
FIELD/BONEVIL2.MIM	206440
FIELD/BONEVIL.BSX	31081
FIELD/BONEVIL.DAT	18194
FIELD/BONEVIL.MIM	206440
FIELD/BUGIN1A.BSX	21903
FIELD/BUGIN1A.DAT	12393
FIELD/BUGIN1A.MIM	135728
FIELD/BUGIN1B.BSX	13206
FIELD/BUGIN1B.DAT	6865
FIELD/BUGIN1B.MIM	60569
FIELD/BUGIN1C.BSX	48086
FIELD/BUGIN1C.DAT	14077
FIELD/BUGIN1C.MIM	60569
FIELD/BUGIN2.BSX	48465
FIELD/BUGIN2.DAT	17452
FIELD/BUGIN2.MIM	211251
FIELD/BUGIN3.BSX	6865
FIELD/BUGIN3.DAT	9981
FIELD/BUGIN3.MIM	205790
FIELD/BWHLIN2.BSX	11362
FIELD/BWHLIN2.DAT	4938
FIELD/BWHLIN2.MIM	215043
FIELD/BWHLIN.BSX	21900
FIELD/BWHLIN.DAT	9591
FIELD/BWHLIN.MIM	261214
FIELD/CANON_1.BSX	2539
FIELD/CANON_1.DAT	17959
FIELD/CANON_1.MIM	155564
FIELD/CANON_2.BSX	35388
FIELD/CANON_2.DAT	25315
FIELD/CANON_2.MIM	340061
FIELD/CARGOIN.BSX	44686
FIELD/CARGOIN.DAT	8977
FIELD/CARGOIN.MIM	101503
FIELD/CHORACE2.BSX	40689
FIELD/CHORACE2.DAT	16009
FIELD/CHORACE2.MIM	113425
FIELD/CHORACE.BSX	27165
FIELD/CHORACE.DAT	15005
FIELD/CHORACE.MIM	113425
FIELD/CHRIN_1A.BSX	31807
FIELD/CHRIN_1A.DAT	10370
FIELD/CHRIN_1A.MIM	113080
FIELD/CHRIN_1B.BSX	51580
FIELD/CHRIN_1B.DAT	11161
FIELD/CHRIN_1B.MIM	120954
FIELD/CHRIN_2.BSX	28128
FIELD/CHRIN_2.DAT	17544
FIELD/CHRIN_2.MIM	180848
FIELD/CHRIN_3A.BSX	1556
FIELD/CHRIN_3A.DAT	8121
FIELD/CHRIN_3A.MIM	73644
FIELD/CHRIN_3B.BSX	2339
FIELD/CHRIN_3B.DAT	8192
FIELD/CHRIN_3B.MIM	92531
FIELD/CHURCH.BSX	6275
FIELD/CHURCH.DAT	7920
FIELD/CHURCH.MIM	81609
FIELD/CID.BCX	7372
FIELD/CLOUD.BCX	7072
FIELD/CLSIN2_1.BSX	47174
FIELD/CLSIN2_1.DAT	20729
FIELD/CLSIN2_1.MIM	275649
FIELD/CLSIN2_2.BSX	18303
FIELD/CLSIN2_2.DAT	9987
FIELD/CLSIN2_2.MIM	115934
FIELD/CLSIN2_3.BSX	19581
FIELD/CLSIN2_3.DAT	6015
FIELD/CLSIN2_3.MIM	105919
FIELD/COLNE_1.BSX	31360
FIELD/COLNE_1.DAT	12704
FIELD/COLNE_1.MIM	201878
FIELD/COLNE_2.BSX	25072
FIELD/COLNE_2.DAT	13163
FIELD/COLNE_2.MIM	197581
FIELD/COLNE_3.BSX	48917
FIELD/COLNE_3.DAT	13062
FIELD/COLNE_3.MIM	119086
FIELD/COLNE_4.BSX	55656
FIELD/COLNE_4.DAT	12131
FIELD/COLNE_4.MIM	101642
FIELD/COLNE_5.BSX	51829
FIELD/COLNE_5.DAT	11773
FIELD/COLNE_5.MIM	145711
FIELD/COLNE_6.BSX	68948
FIELD/COLNE_6.DAT	12872
FIELD/COLNE_6.MIM	133655
FIELD/COLNE_B1.BSX	18250
FIELD/COLNE_B1.DAT	23370
FIELD/COLNE_B1.MIM	229864
FIELD/COLNE_B3.BSX	3393
FIELD/COLNE_B3.DAT	15100
FIELD/COLNE_B3.MIM	94747
FIELD/COLOIN1.BSX	56930
FIELD/COLOIN1.DAT	20243
FIELD/COLOIN1.MIM	196436
FIELD/COLOIN2.BSX	34379
FIELD/COLOIN2.DAT	15589
FIELD/COLOIN2.MIM	190329
FIELD/COLOSS.BSX	53211
FIELD/COLOSS.DAT	12740
FIELD/COLOSS.MIM	114339
FIELD/CONDOR1.BSX	7236
FIELD/CONDOR1.DAT	3948
FIELD/CONDOR1.MIM	53915
FIELD/CONDOR2.BSX	59884
FIELD/CONDOR2.DAT	7446
FIELD/CONDOR2.MIM	74264
FIELD/CONVIL_1.BSX	49686
FIELD/CONVIL_1.DAT	24834
FIELD/CONVIL_1.MIM	216658
FIELD/CONVIL_2.BSX	19719
FIELD/CONVIL_2.DAT	21714
FIELD/CONVIL_2.MIM	186476
FIELD/CONVIL_3.BSX	7785
FIELD/CONVIL_3.DAT	2048
FIELD/CONVIL_3.MIM	2048
FIELD/CONVIL_4.BSX	22623
FIELD/CONVIL_4.DAT	5803
FIELD/CONVIL_4.MIM	78508
FIELD/COREL1.BSX	22735
FIELD/COREL1.DAT	12781
FIELD/COREL1.MIM	341049
FIELD/COREL2.BSX	56658
FIELD/COREL2.DAT	5869
FIELD/COREL2.MIM	86507
FIELD/COREL3.BSX	42749
FIELD/COREL3.DAT	8745
FIELD/COREL3.MIM	331047
FIELD/CORELIN.BSX	70313
FIELD/CORELIN.DAT	4868
FIELD/CORELIN.MIM	49729
FIELD/COS_BTM2.BSX	33536
FIELD/COS_BTM2.DAT	17415
FIELD/COS_BTM2.MIM	196052
FIELD/COS_BTM.BSX	53996
FIELD/COS_BTM.DAT	23506
FIELD/COS_BTM.MIM	229585
FIELD/COSIN1_1.BSX	8397
FIELD/COSIN1_1.DAT	7858
FIELD/COSIN1_1.MIM	60617
FIELD/COSIN1.BSX	16318
FIELD/COSIN1.DAT	8625
FIELD/COSIN1.MIM	116889
FIELD/COSIN2.BSX	87325
FIELD/COSIN2.DAT	11489
FIELD/COSIN2.MIM	225363
FIELD/COSIN3.BSX	31691
FIELD/COSIN3.DAT	13229
FIELD/COSIN3.MIM	169021
FIELD/COSIN4.BSX	111
FIELD/COSIN4.DAT	3880
FIELD/COSIN4.MIM	43595
FIELD/COSIN5.BSX	12345
FIELD/COSIN5.DAT	9791
FIELD/COSIN5.MIM	148646
FIELD/COSMIN2.BSX	7616
FIELD/COSMIN2.DAT	9616
FIELD/COSMIN2.MIM	114402
FIELD/COSMIN3.BSX	16789
FIELD/COSMIN3.DAT	10193
FIELD/COSMIN3.MIM	115114
FIELD/COSMIN4.BSX	10042
FIELD/COSMIN4.DAT	9802
FIELD/COSMIN4.MIM	97467
FIELD/COSMIN6.BSX	846
FIELD/COSMIN6.DAT	4315
FIELD/COSMIN6.MIM	43214
FIELD/COSMIN7.BSX	9005
FIELD/COSMIN7.DAT	9277
FIELD/COSMIN7.MIM	115809
FIELD/COSMO2.BSX	19882
FIELD/COSMO2.DAT	11746
FIELD/COSMO2.MIM	172097
FIELD/COSMO.BSX	19090
FIELD/COSMO.DAT	9740
FIELD/COSMO.MIM	102922
FIELD/COS_TOP.BSX	5703
FIELD/COS_TOP.DAT	6415
FIELD/COS_TOP.MIM	64802
FIELD/CRATER_1.BSX	5786
FIELD/CRATER_1.DAT	12377
FIELD/CRATER_1.MIM	288815
FIELD/CRATER_2.BSX	5624
FIELD/CRATER_2.DAT	18180
FIELD/CRATER_2.MIM	180263
FIELD/CRCIN_1.BSX	50511
FIELD/CRCIN_1.DAT	19088
FIELD/CRCIN_1.MIM	137989
FIELD/CRCIN_2.BSX	32321
FIELD/CRCIN_2.DAT	11330
FIELD/CRCIN_2.MIM	84577
FIELD/DATIAO_1.BSX	21747
FIELD/DATIAO_1.DAT	20125
FIELD/DATIAO_1.MIM	129168
FIELD/DATIAO_2.BSX	13836
FIELD/DATIAO_2.DAT	17005
FIELD/DATIAO_2.MIM	125049
FIELD/DATIAO_3.BSX	12472
FIELD/DATIAO_3.DAT	15150
FIELD/DATIAO_3.MIM	74555
FIELD/DATIAO_4.BSX	13836
FIELD/DATIAO_4.DAT	14936
FIELD/DATIAO_4.MIM	86038
FIELD/DATIAO_5.BSX	12472
FIELD/DATIAO_5.DAT	17026
FIELD/DATIAO_5.MIM	138394
FIELD/DATIAO_6.BSX	69409
FIELD/DATIAO_6.DAT	23286
FIELD/DATIAO_6.MIM	82747
FIELD/DATIAO_7.BSX	13836
FIELD/DATIAO_7.DAT	14893
FIELD/DATIAO_7.MIM	60726
FIELD/DATIAO_8.BSX	17905
FIELD/DATIAO_8.DAT	22132
FIELD/DATIAO_8.MIM	177686
FIELD/DEL12.BSX	67888
FIELD/DEL12.DAT	20088
FIELD/DEL12.MIM	224687
FIELD/DEL1.BSX	48414
FIELD/DEL1.DAT	21841
FIELD/DEL1.MIM	224687
FIELD/DEL2.BSX	68200
FIELD/DEL2.DAT	20265
FIELD/DEL2.MIM	320848
FIELD/DEL3.BSX	67643
FIELD/DEL3.DAT	18891
FIELD/DEL3.MIM	264674
FIELD/DELINN.BSX	28649
FIELD/DELINN.DAT	11595
FIELD/DELINN.MIM	105259
FIELD/DELMIN12.BSX	20501
FIELD/DELMIN12.DAT	4729
FIELD/DELMIN12.MIM	68762
FIELD/DELMIN1.BSX	14660
FIELD/DELMIN1.DAT	11591
FIELD/DELMIN1.MIM	144654
FIELD/DELMIN2.BSX	23245
FIELD/DELMIN2.DAT	8844
FIELD/DELMIN2.MIM	84167
FIELD/DELPB.BSX	59632
FIELD/DELPB.DAT	9493
FIELD/DELPB.MIM	144719
FIELD/DESERT1.BSX	26802
FIELD/DESERT1.DAT	16917
FIELD/DESERT1.MIM	190147
FIELD/DESERT2.BSX	115
FIELD/DESERT2.DAT	15448
FIELD/DESERT2.MIM	189548
FIELD/DSCHANGE.X	6044
FIELD/DUMMY.BSX	17446
FIELD/DUMMY.DAT	2048
FIELD/DUMMY.MIM	31221
FIELD/DYNE.BSX	34389
FIELD/DYNE.DAT	15693
FIELD/DYNE.MIM	171154
FIELD/EALIN_12.BSX	47215
FIELD/EALIN_12.DAT	12544
FIELD/EALIN_12.MIM	72073
FIELD/EALIN_1.BSX	46452
FIELD/EALIN_1.DAT	12377
FIELD/EALIN_1.MIM	100483
FIELD/EALIN_2.BSX	19330
FIELD/EALIN_2.DAT	9374
FIELD/EALIN_2.MIM	103175
FIELD/EALS_1.BSX	14922
FIELD/EALS_1.DAT	10232
FIELD/EALS_1.MIM	147014
FIELD/EARITH.BCX	7051
FIELD/ELEOUT.BSX	15758
FIELD/ELEOUT.DAT	18126
FIELD/ELEOUT.MIM	189048
FIELD/ELEVTR1.BSX	13659
FIELD/ELEVTR1.DAT	7935
FIELD/ELEVTR1.MIM	54040
FIELD/ELM.BSX	43948
FIELD/ELM.DAT	25699
FIELD/ELM_I.BSX	6559
FIELD/ELM_I.DAT	15885
FIELD/ELM_I.MIM	62211
FIELD/ELMIN1_1.BSX	9287
FIELD/ELMIN1_1.DAT	16736
FIELD/ELMIN1_1.MIM	59448
FIELD/ELMIN1_2.BSX	7809
FIELD/ELMIN1_2.DAT	16790
FIELD/ELMIN1_2.MIM	65899
FIELD/ELMIN2_1.BSX	12674
FIELD/ELMIN2_1.DAT	16387
FIELD/ELMIN2_1.MIM	50210
FIELD/ELMIN2_2.BSX	811
FIELD/ELMIN2_2.DAT	16320
FIELD/ELMIN2_2.MIM	53260
FIELD/ELMIN3_1.BSX	7853
FIELD/ELMIN3_1.DAT	17932
FIELD/ELMIN3_1.MIM	76722
FIELD/ELMIN3_2.BSX	13125
FIELD/ELMIN3_2.DAT	16575
FIELD/ELMIN3_2.MIM	53872
FIELD/ELMIN4_1.BSX	8096
FIELD/ELMIN4_1.DAT	16541
FIELD/ELMIN4_1.MIM	61794
FIELD/ELMIN4_2.BSX	25182
FIELD/ELMIN4_2.DAT	17585
FIELD/ELMIN4_2.MIM	54234
FIELD/ELMINN_1.BSX	8453
FIELD/ELMINN_1.DAT	16935
FIELD/ELMINN_1.MIM	57580
FIELD/ELMINN_2.BSX	25437
FIELD/ELMINN_2.DAT	20780
FIELD/ELMINN_2.MIM	77151
FIELD/ELM.MIM	309462
FIELD/ELMPB.BSX	27500
FIELD/ELMPB.DAT	19890
FIELD/ELMPB.MIM	102980
FIELD/ELMTOW.BSX	10678
FIELD/ELMTOW.DAT	14699
FIELD/ELMTOW.MIM	31577
FIELD/ELM_WA.BSX	11494
FIELD/ELM_WA.DAT	18114
FIELD/ELM_WA.MIM	101745
FIELD/ENDING.X	62704
FIELD/FALLP.BSX	5331
FIELD/FALLP.DAT	2048
FIELD/FALLP.MIM	45397
FIELD/FARM.BSX	18610
FIELD/FARM.DAT	14454
FIELD/FARM.MIM	263772
FIELD/FIELD.BIN	85470
FIELD/FIELD.TDB	13631
FIELD/FRCYO2.BSX	32648
FIELD/FRCYO2.DAT	32206
FIELD/FRCYO2.MIM	154832
FIELD/FRCYO.BSX	32648
FIELD/FRCYO.DAT	30596
FIELD/FRCYO.MIM	154832
FIELD/FR_E.BSX	2145
FIELD/FR_E.DAT	16887
FIELD/FR_E.MIM	99920
FIELD/FRMIN.BSX	9560
FIELD/FRMIN.DAT	11082
FIELD/FRMIN.MIM	119938
FIELD/FSHIP_12.BSX	79356
FIELD/FSHIP_12.DAT	8112
FIELD/FSHIP_12.MIM	101405
FIELD/FSHIP_1.BSX	11936
FIELD/FSHIP_1.DAT	4986
FIELD/FSHIP_1.MIM	101407
FIELD/FSHIP_22.BSX	62943
FIELD/FSHIP_22.DAT	12107
FIELD/FSHIP_22.MIM	284866
FIELD/FSHIP_23.BSX	32435
FIELD/FSHIP_23.DAT	21761
FIELD/FSHIP_23.MIM	301088
FIELD/FSHIP_24.BSX	45251
FIELD/FSHIP_24.DAT	15702
FIELD/FSHIP_24.MIM	302839
FIELD/FSHIP_25.BSX	36169
FIELD/FSHIP_25.DAT	30029
FIELD/FSHIP_25.MIM	301088
FIELD/FSHIP_26.BSX	2048
FIELD/FSHIP_26.DAT	2048
FIELD/FSHIP_26.MIM	2048
FIELD/FSHIP_2.BSX	38077
FIELD/FSHIP_2.DAT	18262
FIELD/FSHIP_2.MIM	301088
FIELD/FSHIP_3.BSX	31865
FIELD/FSHIP_3.DAT	12218
FIELD/FSHIP_3.MIM	176023
FIELD/FSHIP_42.BSX	12240
FIELD/FSHIP_42.DAT	10513
FIELD/FSHIP_42.MIM	264213
FIELD/FSHIP_4.BSX	31331
FIELD/FSHIP_4.DAT	17758
FIELD/FSHIP_4.MIM	263325
FIELD/FSHIP_5.BSX	16903
FIELD/FSHIP_5.DAT	4833
FIELD/FSHIP_5.MIM	105411
FIELD/GAIA_1.BSX	41094
FIELD/GAIA_1.DAT	13345
FIELD/GAIA_1.MIM	429563
FIELD/GAIA_2.BSX	114298
FIELD/GAIA_2.DAT	14749
FIELD/GAIA_2.MIM	432954
FIELD/GAIA_31.BSX	94552
FIELD/GAIA_31.DAT	13332
FIELD/GAIA_31.MIM	340073
FIELD/GAIA_32.BSX	3280
FIELD/GAIA_32.DAT	5540
FIELD/GAIA_32.MIM	109804
FIELD/GAIAFOOT.BSX	14190
FIELD/GAIAFOOT.DAT	11799
FIELD/GAIAFOOT.MIM	95130
FIELD/GAIIN_1.BSX	4154
FIELD/GAIIN_1.DAT	18881
FIELD/GAIIN_1.MIM	285355
FIELD/GAIIN_2.BSX	36284
FIELD/GAIIN_2.DAT	19334
FIELD/GAIIN_2.MIM	288574
FIELD/GAIIN_3.BSX	16658
FIELD/GAIIN_3.DAT	15042
FIELD/GAIIN_3.MIM	246363
FIELD/GAIIN_4.BSX	4122
FIELD/GAIIN_4.DAT	14087
FIELD/GAIIN_4.MIM	351936
FIELD/GAIIN_5.BSX	18075
FIELD/GAIIN_5.DAT	7940
FIELD/GAIIN_5.MIM	85338
FIELD/GAIIN_6.BSX	25609
FIELD/GAIIN_6.DAT	9537
FIELD/GAIIN_6.MIM	111742
FIELD/GAIIN_7.BSX	11908
FIELD/GAIIN_7.DAT	8384
FIELD/GAIIN_7.MIM	208189
FIELD/GAMES_1.BSX	35757
FIELD/GAMES_1.DAT	19214
FIELD/GAMES_1.MIM	194228
FIELD/GAMES_2.BSX	68352
FIELD/GAMES_2.DAT	19424
FIELD/GAMES_2.MIM	207093
FIELD/GAMES.BSX	46885
FIELD/GAMES.DAT	20957
FIELD/GAMES.MIM	266305
FIELD/GHOTEL.BSX	4528
FIELD/GHOTEL.DAT	17373
FIELD/GHOTEL.MIM	275713
FIELD/GHOTIN_1.BSX	24475
FIELD/GHOTIN_1.DAT	14277
FIELD/GHOTIN_1.MIM	154355
FIELD/GHOTIN_2.BSX	20360
FIELD/GHOTIN_2.DAT	7196
FIELD/GHOTIN_2.MIM	74293
FIELD/GHOTIN_3.BSX	8512
FIELD/GHOTIN_3.DAT	5800
FIELD/GHOTIN_3.MIM	77528
FIELD/GHOTIN_4.BSX	26614
FIELD/GHOTIN_4.DAT	16945
FIELD/GHOTIN_4.MIM	154355
FIELD/GIDUN_1.BSX	9253
FIELD/GIDUN_1.DAT	19567
FIELD/GIDUN_1.MIM	347372
FIELD/GIDUN_2.BSX	18086
FIELD/GIDUN_2.DAT	19406
FIELD/GIDUN_2.MIM	382756
FIELD/GIDUN_3.BSX	8496
FIELD/GIDUN_3.DAT	15262
FIELD/GIDUN_3.MIM	262030
FIELD/GIDUN_4.BSX	17276
FIELD/GIDUN_4.DAT	17813
FIELD/GIDUN_4.MIM	322233
FIELD/GLDELEV.BSX	49093
FIELD/GLDELEV.DAT	3856
FIELD/GLDELEV.MIM	64375
FIELD/GLDGATE.BSX	33837
FIELD/GLDGATE.DAT	15909
FIELD/GLDGATE.MIM	121911
FIELD/GLDINFO.BSX	3004
FIELD/GLDINFO.DAT	3876
FIELD/GLDINFO.MIM	109078
FIELD/GLDST.BSX	46660
FIELD/GLDST.DAT	10011
FIELD/GLDST.MIM	71806
FIELD/GNINN.BSX	28114
FIELD/GNINN.DAT	16776
FIELD/GNINN.MIM	152242
FIELD/GNMK.BSX	34209
FIELD/GNMK.DAT	18869
FIELD/GNMKF.BSX	110
FIELD/GNMKF.DAT	18828
FIELD/GNMKF.MIM	80275
FIELD/GNMK.MIM	200870
FIELD/GOMIN.BSX	16706
FIELD/GOMIN.DAT	13364
FIELD/GOMIN.MIM	83882
FIELD/GONGAGA.BSX	25669
FIELD/GONGAGA.DAT	22003
FIELD/GONGAGA.MIM	297356
FIELD/GON_I.BSX	6687
FIELD/GON_I.DAT	11943
FIELD/GON_I.MIM	78282
FIELD/GONJUN1.BSX	5446
FIELD/GONJUN1.DAT	22021
FIELD/GONJUN1.MIM	229055
FIELD/GONJUN2.BSX	31393
FIELD/GONJUN2.DAT	23313
FIELD/GONJUN2.MIM	239193
FIELD/GON_WA1.BSX	11795
FIELD/GON_WA1.DAT	12321
FIELD/GON_WA1.MIM	78048
FIELD/GON_WA2.BSX	12048
FIELD/GON_WA2.DAT	12299
FIELD/GON_WA2.MIM	73509
FIELD/GOSON.BSX	17708
FIELD/GOSON.DAT	15534
FIELD/GOSON.MIM	163823
FIELD/HEKIGA.BSX	11343
FIELD/HEKIGA.DAT	10261
FIELD/HEKIGA.MIM	109084
FIELD/HIDEWAY1.BSX	193
FIELD/HIDEWAY1.DAT	2845
FIELD/HIDEWAY1.MIM	20243
FIELD/HIDEWAY2.BSX	193
FIELD/HIDEWAY2.DAT	2754
FIELD/HIDEWAY2.MIM	17885
FIELD/HIDEWAY3.BSX	8673
FIELD/HIDEWAY3.DAT	3529
FIELD/HIDEWAY3.MIM	40467
FIELD/HILL2.BSX	6645
FIELD/HILL2.DAT	12169
FIELD/HILL2.MIM	171866
FIELD/HILL.BSX	3551
FIELD/HILL.DAT	13386
FIELD/HILL.MIM	171866
FIELD/HOLU_1.BSX	28294
FIELD/HOLU_1.DAT	7342
FIELD/HOLU_1.MIM	73833
FIELD/HOLU_2.BSX	10465
FIELD/HOLU_2.DAT	8023
FIELD/HOLU_2.MIM	102853
FIELD/HYOU10.BSX	3647
FIELD/HYOU10.DAT	21018
FIELD/HYOU10.MIM	267012
FIELD/HYOU11.BSX	1818
FIELD/HYOU11.DAT	11973
FIELD/HYOU11.MIM	125540
FIELD/HYOU12.BSX	3613
FIELD/HYOU12.DAT	8987
FIELD/HYOU12.MIM	71880
FIELD/HYOU13_1.BSX	1818
FIELD/HYOU13_1.DAT	16957
FIELD/HYOU13_1.MIM	237047
FIELD/HYOU13_2.BSX	13152
FIELD/HYOU13_2.DAT	12101
FIELD/HYOU13_2.MIM	71314
FIELD/HYOU14.BSX	2048
FIELD/HYOU14.DAT	2048
FIELD/HYOU14.MIM	2048
FIELD/HYOU1.BSX	50190
FIELD/HYOU1.DAT	11158
FIELD/HYOU1.MIM	122811
FIELD/HYOU2.BSX	51552
FIELD/HYOU2.DAT	23116
FIELD/HYOU2.MIM	330459
FIELD/HYOU3.BSX	50193
FIELD/HYOU3.DAT	10040
FIELD/HYOU3.MIM	110031
FIELD/HYOU4.BSX	1811
FIELD/HYOU4.DAT	15539
FIELD/HYOU4.MIM	239564
FIELD/HYOU5_1.BSX	2434
FIELD/HYOU5_1.DAT	13877
FIELD/HYOU5_1.MIM	196792
FIELD/HYOU5_2.BSX	7689
FIELD/HYOU5_2.DAT	24312
FIELD/HYOU5_2.MIM	258061
FIELD/HYOU5_3.BSX	4636
FIELD/HYOU5_3.DAT	13297
FIELD/HYOU5_3.MIM	179088
FIELD/HYOU5_4.BSX	1811
FIELD/HYOU5_4.DAT	12933
FIELD/HYOU5_4.MIM	153893
FIELD/HYOU6.BSX	1811
FIELD/HYOU6.DAT	12975
FIELD/HYOU6.MIM	123488
FIELD/HYOU7.BSX	50193
FIELD/HYOU7.DAT	15123
FIELD/HYOU7.MIM	111848
FIELD/HYOU8_1.BSX	1811
FIELD/HYOU8_1.DAT	16295
FIELD/HYOU8_1.MIM	301956
FIELD/HYOU8_2.BSX	2434
FIELD/HYOU8_2.DAT	9351
FIELD/HYOU8_2.MIM	81262
FIELD/HYOU9.BSX	1811
FIELD/HYOU9.DAT	10663
FIELD/HYOU9.MIM	130005
FIELD/HYOUMAP.BSX	115
FIELD/HYOUMAP.DAT	6247
FIELD/HYOUMAP.MIM	107690
FIELD/ICEDUN_1.BSX	3880
FIELD/ICEDUN_1.DAT	16825
FIELD/ICEDUN_1.MIM	243784
FIELD/ICEDUN_2.BSX	2275
FIELD/ICEDUN_2.DAT	18354
FIELD/ICEDUN_2.MIM	328104
FIELD/ITHILL.BSX	8681
FIELD/ITHILL.DAT	8780
FIELD/ITHILL.MIM	248101
FIELD/ITHOS.BSX	46566
FIELD/ITHOS.DAT	16315
FIELD/ITHOS.MIM	160380
FIELD/ITMIN1.BSX	40477
FIELD/ITMIN1.DAT	6965
FIELD/ITMIN1.MIM	128943
FIELD/ITMIN2.BSX	21673
FIELD/ITMIN2.DAT	7326
FIELD/ITMIN2.MIM	133404
FIELD/ITOWN12.BSX	42577
FIELD/ITOWN12.DAT	18217
FIELD/ITOWN12.MIM	364021
FIELD/ITOWN1A.BSX	56968
FIELD/ITOWN1A.DAT	23019
FIELD/ITOWN1A.MIM	364021
FIELD/ITOWN1B.BSX	94389
FIELD/ITOWN1B.DAT	22102
FIELD/ITOWN1B.MIM	349838
FIELD/ITOWN2.BSX	49798
FIELD/ITOWN2.DAT	8741
FIELD/ITOWN2.MIM	97778
FIELD/ITOWN_I.BSX	54355
FIELD/ITOWN_I.DAT	9979
FIELD/ITOWN_I.MIM	130810
FIELD/ITOWN_M.BSX	54367
FIELD/ITOWN_M.DAT	9501
FIELD/ITOWN_M.MIM	121104
FIELD/ITOWN_W.BSX	72440
FIELD/ITOWN_W.DAT	12199
FIELD/ITOWN_W.MIM	122900
FIELD/JAIL1.BSX	32948
FIELD/JAIL1.DAT	22383
FIELD/JAIL1.MIM	335604
FIELD/JAIL2.BSX	44977
FIELD/JAIL2.DAT	22607
FIELD/JAIL2.MIM	395621
FIELD/JAIL3.BSX	33676
FIELD/JAIL3.DAT	14281
FIELD/JAIL3.MIM	254180
FIELD/JAIL4.BSX	110
FIELD/JAIL4.DAT	14553
FIELD/JAIL4.MIM	305780
FIELD/JAILIN1.BSX	12371
FIELD/JAILIN1.DAT	6913
FIELD/JAILIN1.MIM	82896
FIELD/JAILIN2.BSX	29017
FIELD/JAILIN2.DAT	6973
FIELD/JAILIN2.MIM	55557
FIELD/JAILIN3.BSX	114
FIELD/JAILIN3.DAT	3766
FIELD/JAILIN3.MIM	66086
FIELD/JAILIN4.BSX	26056
FIELD/JAILIN4.DAT	6756
FIELD/JAILIN4.MIM	57125
FIELD/JAILPB.BSX	12127
FIELD/JAILPB.DAT	9377
FIELD/JAILPB.MIM	176041
FIELD/JET.BSX	56291
FIELD/JET.DAT	12401
FIELD/JETIN1.BSX	22927
FIELD/JETIN1.DAT	12862
FIELD/JETIN1.MIM	172410
FIELD/JET.MIM	162145
FIELD/JTEMPLB.BSX	91906
FIELD/JTEMPLB.DAT	18411
FIELD/JTEMPLB.MIM	249650
FIELD/JTEMPL.BSX	36273
FIELD/JTEMPLC.BSX	85419
FIELD/JTEMPLC.DAT	10103
FIELD/JTEMPLC.MIM	156475
FIELD/JTEMPL.DAT	17182
FIELD/JTEMPL.MIM	250645
FIELD/JTMPIN1.BSX	32196
FIELD/JTMPIN1.DAT	9299
FIELD/JTMPIN1.MIM	126499
FIELD/JTMPIN2.BSX	340
FIELD/JTMPIN2.DAT	3462
FIELD/JTMPIN2.MIM	72229
FIELD/JUMIN.BSX	11190
FIELD/JUMIN.DAT	11656
FIELD/JUMIN.MIM	134886
FIELD/JUN_A.BSX	13801
FIELD/JUN_A.DAT	5981
FIELD/JUNAIR2.BSX	10631
FIELD/JUNAIR2.DAT	17103
FIELD/JUNAIR2.MIM	180314
FIELD/JUNAIR.BSX	13678
FIELD/JUNAIR.DAT	26459
FIELD/JUNAIR.MIM	272806
FIELD/JUN_A.MIM	112575
FIELD/JUNBIN12.BSX	19077
FIELD/JUNBIN12.DAT	10825
FIELD/JUNBIN12.MIM	51278
FIELD/JUNBIN1.BSX	8800
FIELD/JUNBIN1.DAT	15413
FIELD/JUNBIN1.MIM	139102
FIELD/JUNBIN21.BSX	20420
FIELD/JUNBIN21.DAT	16357
FIELD/JUNBIN21.MIM	264502
FIELD/JUNBIN22.BSX	28499
FIELD/JUNBIN22.DAT	13465
FIELD/JUNBIN22.MIM	107214
FIELD/JUNBIN3.BSX	24368
FIELD/JUNBIN3.DAT	12037
FIELD/JUNBIN3.MIM	85903
FIELD/JUNBIN4.BSX	54244
FIELD/JUNBIN4.DAT	18562
FIELD/JUNBIN4.MIM	138628
FIELD/JUNBIN5.BSX	72500
FIELD/JUNBIN5.DAT	18453
FIELD/JUNBIN5.MIM	159195
FIELD/JUNDOC1A.BSX	67375
FIELD/JUNDOC1A.DAT	19276
FIELD/JUNDOC1A.MIM	243122
FIELD/JUNDOC1B.BSX	6779
FIELD/JUNDOC1B.DAT	11844
FIELD/JUNDOC1B.MIM	239678
FIELD/JUNELE1.BSX	17316
FIELD/JUNELE1.DAT	7687
FIELD/JUNELE1.MIM	76623
FIELD/JUNELE2.BSX	5398
FIELD/JUNELE2.DAT	4679
FIELD/JUNELE2.MIM	67898
FIELD/JUN_I1.BSX	15940
FIELD/JUN_I1.DAT	5708
FIELD/JUN_I1.MIM	116370
FIELD/JUN_I2.BSX	41974
FIELD/JUN_I2.DAT	7201
FIELD/JUN_I2.MIM	125946
FIELD/JUNIN1A.BSX	42737
FIELD/JUNIN1A.DAT	11234
FIELD/JUNIN1A.MIM	45968
FIELD/JUNIN1.BSX	30817
FIELD/JUNIN1.DAT	12375
FIELD/JUNIN1.MIM	87115
FIELD/JUNIN2.BSX	20393
FIELD/JUNIN2.DAT	18531
FIELD/JUNIN2.MIM	106218
FIELD/JUNIN3.BSX	31946
FIELD/JUNIN3.DAT	10887
FIELD/JUNIN3.MIM	66608
FIELD/JUNIN4.BSX	35990
FIELD/JUNIN4.DAT	12393
FIELD/JUNIN4.MIM	97196
FIELD/JUNIN5.BSX	115
FIELD/JUNIN5.DAT	7664
FIELD/JUNIN5.MIM	90133
FIELD/JUNIN6.BSX	10510
FIELD/JUNIN6.DAT	7065
FIELD/JUNIN6.MIM	69598
FIELD/JUNIN7.BSX	5955
FIELD/JUNIN7.DAT	6231
FIELD/JUNIN7.MIM	122335
FIELD/JUNINN.BSX	23990
FIELD/JUNINN.DAT	11749
FIELD/JUNINN.MIM	143448
FIELD/JUN_M.BSX	11646
FIELD/JUN_M.DAT	5013
FIELD/JUNMIN1.BSX	29569
FIELD/JUNMIN1.DAT	10884
FIELD/JUNMIN1.MIM	113479
FIELD/JUNMIN2.BSX	27713
FIELD/JUNMIN2.DAT	7261
FIELD/JUNMIN2.MIM	131043
FIELD/JUNMIN3.BSX	22557
FIELD/JUNMIN3.DAT	7556
FIELD/JUNMIN3.MIM	123490
FIELD/JUNMIN4.BSX	11293
FIELD/JUNMIN4.DAT	7268
FIELD/JUNMIN4.MIM	127051
FIELD/JUNMIN5.BSX	18399
FIELD/JUNMIN5.DAT	5931
FIELD/JUNMIN5.MIM	100247
FIELD/JUN_M.MIM	101895
FIELD/JUNMON.BSX	2048
FIELD/JUNMON.DAT	2048
FIELD/JUNMON.MIM	2048
FIELD/JUNON.BSX	16243
FIELD/JUNON.DAT	3295
FIELD/JUNONE22.BSX	2107
FIELD/JUNONE22.DAT	6133
FIELD/JUNONE22.MIM	95014
FIELD/JUNONE2.BSX	30196
FIELD/JUNONE2.DAT	11637
FIELD/JUNONE2.MIM	74661
FIELD/JUNONE3.BSX	6706
FIELD/JUNONE3.DAT	10022
FIELD/JUNONE3.MIM	88836
FIELD/JUNONE4.BSX	115
FIELD/JUNONE4.DAT	15553
FIELD/JUNONE4.MIM	152365
FIELD/JUNONE5.BSX	25588
FIELD/JUNONE5.DAT	18196
FIELD/JUNONE5.MIM	226279
FIELD/JUNONE6.BSX	5055
FIELD/JUNONE6.DAT	16536
FIELD/JUNONE6.MIM	179187
FIELD/JUNONE7.BSX	40001
FIELD/JUNONE7.DAT	12643
FIELD/JUNONE7.MIM	119207
FIELD/JUNONL1.BSX	58155
FIELD/JUNONL1.DAT	17568
FIELD/JUNONL1.MIM	303919
FIELD/JUNONL2.BSX	24439
FIELD/JUNONL2.DAT	9549
FIELD/JUNONL2.MIM	211587
FIELD/JUNONL3.BSX	115
FIELD/JUNONL3.DAT	12614
FIELD/JUNONL3.MIM	257479
FIELD/JUNON.MIM	50654
FIELD/JUNONR1.BSX	63108
FIELD/JUNONR1.DAT	15901
FIELD/JUNONR1.MIM	289768
FIELD/JUNONR2.BSX	58427
FIELD/JUNONR2.DAT	12296
FIELD/JUNONR2.MIM	251273
FIELD/JUNONR3.BSX	115
FIELD/JUNONR3.DAT	12598
FIELD/JUNONR3.MIM	269016
FIELD/JUNONR4.BSX	52890
FIELD/JUNONR4.DAT	9529
FIELD/JUNONR4.MIM	134498
FIELD/JUNPB_1.BSX	38111
FIELD/JUNPB_1.DAT	6595
FIELD/JUNPB_1.MIM	75532
FIELD/JUNPB_2.BSX	58013
FIELD/JUNPB_2.DAT	22992
FIELD/JUNPB_2.MIM	96432
FIELD/JUNPB_3.BSX	38311
FIELD/JUNPB_3.DAT	11300
FIELD/JUNPB_3.MIM	123245
FIELD/JUNSBD1.BSX	22507
FIELD/JUNSBD1.DAT	15221
FIELD/JUNSBD1.MIM	242659
FIELD/JUN_WA.BSX	11110
FIELD/JUN_WA.DAT	5625
FIELD/JUN_WA.MIM	106220
FIELD/JUN_W.BSX	13191
FIELD/JUN_W.DAT	10783
FIELD/JUN_W.MIM	116683
FIELD/KETCY.BCX	7366
FIELD/KURO_10.BSX	2854
FIELD/KURO_10.DAT	6130
FIELD/KURO_10.MIM	60951
FIELD/KURO_11.BSX	91
FIELD/KURO_11.DAT	5874
FIELD/KURO_11.MIM	54253
FIELD/KURO_12.BSX	49307
FIELD/KURO_12.DAT	14603
FIELD/KURO_12.MIM	69911
FIELD/KURO_1.BSX	28712
FIELD/KURO_1.DAT	20301
FIELD/KURO_1.MIM	354972
FIELD/KURO_2.BSX	21944
FIELD/KURO_2.DAT	5976
FIELD/KURO_2.MIM	65867
FIELD/KURO_3.BSX	78367
FIELD/KURO_3.DAT	16647
FIELD/KURO_3.MIM	238973
FIELD/KURO_4.BSX	46889
FIELD/KURO_4.DAT	12283
FIELD/KURO_4.MIM	88142
FIELD/KURO_5.BSX	15556
FIELD/KURO_5.DAT	10711
FIELD/KURO_5.MIM	125490
FIELD/KURO_6.BSX	7584
FIELD/KURO_6.DAT	7385
FIELD/KURO_6.MIM	82808
FIELD/KURO_7.BSX	22829
FIELD/KURO_7.DAT	12574
FIELD/KURO_7.MIM	121375
FIELD/KURO_82.BSX	82340
FIELD/KURO_82.DAT	23382
FIELD/KURO_82.MIM	320082
FIELD/KURO_8.BSX	58612
FIELD/KURO_8.DAT	17701
FIELD/KURO_8.MIM	320082
FIELD/KURO_9.BSX	82947
FIELD/KURO_9.DAT	13779
FIELD/KURO_9.MIM	123807
FIELD/LAS0_1.BSX	9959
FIELD/LAS0_1.DAT	15299
FIELD/LAS0_1.MIM	190218
FIELD/LAS0_2.BSX	1260
FIELD/LAS0_2.DAT	14676
FIELD/LAS0_2.MIM	211792
FIELD/LAS0_3.BSX	2905
FIELD/LAS0_3.DAT	18086
FIELD/LAS0_3.MIM	277931
FIELD/LAS0_4.BSX	25488
FIELD/LAS0_4.DAT	19781
FIELD/LAS0_4.MIM	331332
FIELD/LAS0_5.BSX	28015
FIELD/LAS0_5.DAT	24988
FIELD/LAS0_5.MIM	264331
FIELD/LAS0_6.BSX	22817
FIELD/LAS0_6.DAT	17146
FIELD/LAS0_6.MIM	154410
FIELD/LAS0_7.BSX	12764
FIELD/LAS0_7.DAT	16063
FIELD/LAS0_7.MIM	124168
FIELD/LAS0_8.BSX	24751
FIELD/LAS0_8.DAT	21515
FIELD/LAS0_8.MIM	307900
FIELD/LAS1_1.BSX	10483
FIELD/LAS1_1.DAT	10067
FIELD/LAS1_1.MIM	192594
FIELD/LAS1_2.BSX	29100
FIELD/LAS1_2.DAT	16383
FIELD/LAS1_2.MIM	264726
FIELD/LAS1_3.BSX	21064
FIELD/LAS1_3.DAT	16520
FIELD/LAS1_3.MIM	287108
FIELD/LAS1_4.BSX	10484
FIELD/LAS1_4.DAT	14764
FIELD/LAS1_4.MIM	247683
FIELD/LAS2_1.BSX	19351
FIELD/LAS2_1.DAT	20440
FIELD/LAS2_1.MIM	269774
FIELD/LAS2_2.BSX	24207
FIELD/LAS2_2.DAT	22176
FIELD/LAS2_2.MIM	261389
FIELD/LAS2_3.BSX	26348
FIELD/LAS2_3.DAT	24264
FIELD/LAS2_3.MIM	235854
FIELD/LAS2_4.BSX	13416
FIELD/LAS2_4.DAT	24131
FIELD/LAS2_4.MIM	300569
FIELD/LAS3_1.BSX	12680
FIELD/LAS3_1.DAT	15508
FIELD/LAS3_1.MIM	212794
FIELD/LAS3_2.BSX	18183
FIELD/LAS3_2.DAT	22630
FIELD/LAS3_2.MIM	321496
FIELD/LAS3_3.BSX	16592
FIELD/LAS3_3.DAT	22979
FIELD/LAS3_3.MIM	354168
FIELD/LAS4_0.BSX	67444
FIELD/LAS4_0.DAT	15586
FIELD/LAS4_0.MIM	218592
FIELD/LAS4_1.BSX	31959
FIELD/LAS4_1.DAT	15542
FIELD/LAS4_1.MIM	292098
FIELD/LAS4_2.BSX	4558
FIELD/LAS4_2.DAT	6886
FIELD/LAS4_2.MIM	36170
FIELD/LAS4_3.BSX	2317
FIELD/LAS4_3.DAT	8534
FIELD/LAS4_3.MIM	56107
FIELD/LAS4_42.BSX	48518
FIELD/LAS4_42.DAT	4080
FIELD/LAS4_42.MIM	56541
FIELD/LAS4_4.BSX	64989
FIELD/LAS4_4.DAT	6378
FIELD/LAS4_4.MIM	56541
FIELD/LASTMAP.BSX	85182
FIELD/LASTMAP.DAT	23432
FIELD/LASTMAP.MIM	113783
FIELD/LIFE2.BSX	3315
FIELD/LIFE2.DAT	8705
FIELD/LIFE2.MIM	244594
FIELD/LIFE.BSX	3315
FIELD/LIFE.DAT	8708
FIELD/LIFE.MIM	244594
FIELD/LOSIN1.BSX	1914
FIELD/LOSIN1.DAT	17994
FIELD/LOSIN1.MIM	288057
FIELD/LOSIN2.BSX	34095
FIELD/LOSIN2.DAT	14092
FIELD/LOSIN2.MIM	151312
FIELD/LOSIN3.BSX	26234
FIELD/LOSIN3.DAT	13105
FIELD/LOSIN3.MIM	146363
FIELD/LOSINN.BSX	47981
FIELD/LOSINN.DAT	15863
FIELD/LOSINN.MIM	197886
FIELD/LOSLAKE1.BSX	17191
FIELD/LOSLAKE1.DAT	21709
FIELD/LOSLAKE1.MIM	343517
FIELD/LOSLAKE2.BSX	115
FIELD/LOSLAKE2.DAT	13709
FIELD/LOSLAKE2.MIM	298290
FIELD/LOSLAKE3.BSX	10265
FIELD/LOSLAKE3.DAT	11307
FIELD/LOSLAKE3.MIM	182476
FIELD/LOST1.BSX	12402
FIELD/LOST1.DAT	19317
FIELD/LOST1.MIM	372909
FIELD/LOST2.BSX	22889
FIELD/LOST2.DAT	17475
FIELD/LOST2.MIM	269013
FIELD/LOST3.BSX	111
FIELD/LOST3.DAT	17986
FIELD/LOST3.MIM	319432
FIELD/MD0.BSX	27854
FIELD/MD0.DAT	9636
FIELD/MD0.MIM	119153
FIELD/MD1_1.BSX	37893
FIELD/MD1_1.DAT	16791
FIELD/MD1_1.MIM	258921
FIELD/MD1_2.BSX	17836
FIELD/MD1_2.DAT	16682
FIELD/MD1_2.MIM	237833
FIELD/MD1STIN.BSX	38922
FIELD/MD1STIN.DAT	17681
FIELD/MD1STIN.MIM	191890
FIELD/MD8_1.BSX	27852
FIELD/MD8_1.DAT	8310
FIELD/MD8_1.MIM	160694
FIELD/MD8_2.BSX	28699
FIELD/MD8_2.DAT	13940
FIELD/MD8_2.MIM	303503
FIELD/MD8_32.BSX	23492
FIELD/MD8_32.DAT	18105
FIELD/MD8_32.MIM	111004
FIELD/MD8_3.BSX	12789
FIELD/MD8_3.DAT	15684
FIELD/MD8_3.MIM	185809
FIELD/MD8_4.BSX	22604
FIELD/MD8_4.DAT	3243
FIELD/MD8_4.MIM	37252
FIELD/MD8_52.BSX	21688
FIELD/MD8_52.DAT	9500
FIELD/MD8_52.MIM	95197
FIELD/MD8_5.BSX	74546
FIELD/MD8_5.DAT	14608
FIELD/MD8_5.MIM	94131
FIELD/MD8_6.BSX	22466
FIELD/MD8_6.DAT	20314
FIELD/MD8_6.MIM	159432
FIELD/MD8_B1.BSX	15248
FIELD/MD8_B1.DAT	22981
FIELD/MD8_B1.MIM	227052
FIELD/MD8_B2.BSX	5180
FIELD/MD8_B2.DAT	23337
FIELD/MD8_B2.MIM	216336
FIELD/MD8BRDG2.BSX	78959
FIELD/MD8BRDG2.DAT	18323
FIELD/MD8BRDG2.MIM	149192
FIELD/MD8BRDG.BSX	11931
FIELD/MD8BRDG.DAT	9279
FIELD/MD8BRDG.MIM	80273
FIELD/MD_E1.BSX	43219
FIELD/MD_E1.DAT	15537
FIELD/MD_E1.MIM	223922
FIELD/MDS5_1.BSX	35568
FIELD/MDS5_1.DAT	16196
FIELD/MDS5_1.MIM	271126
FIELD/MDS5_2.BSX	26422
FIELD/MDS5_2.DAT	15916
FIELD/MDS5_2.MIM	236306
FIELD/MDS5_3.BSX	19655
FIELD/MDS5_3.DAT	13612
FIELD/MDS5_3.MIM	247575
FIELD/MDS5_4.BSX	10291
FIELD/MDS5_4.DAT	7288
FIELD/MDS5_4.MIM	158342
FIELD/MDS5_5.BSX	31728
FIELD/MDS5_5.DAT	13521
FIELD/MDS5_5.MIM	65812
FIELD/MDS5_DK.BSX	6492
FIELD/MDS5_DK.DAT	5222
FIELD/MDS5_DK.MIM	49047
FIELD/MDS5_I.BSX	7606
FIELD/MDS5_I.DAT	5706
FIELD/MDS5_I.MIM	95335
FIELD/MDS5_M.BSX	6624
FIELD/MDS5_M.DAT	5934
FIELD/MDS5_M.MIM	91267
FIELD/MDS5_W.BSX	16807
FIELD/MDS5_W.DAT	6338
FIELD/MDS5_W.MIM	81115
FIELD/MDS6_1.BSX	8743
FIELD/MDS6_1.DAT	19663
FIELD/MDS6_1.MIM	237876
FIELD/MDS6_22.BSX	31591
FIELD/MDS6_22.DAT	17607
FIELD/MDS6_22.MIM	201617
FIELD/MDS6_2.BSX	49845
FIELD/MDS6_2.DAT	17100
FIELD/MDS6_2.MIM	180963
FIELD/MDS6_3.BSX	111
FIELD/MDS6_3.DAT	4510
FIELD/MDS6_3.MIM	54995
FIELD/MDS7.BSX	79121
FIELD/MDS7.DAT	24029
FIELD/MDS7_IM.BSX	7613
FIELD/MDS7_IM.DAT	7032
FIELD/MDS7_IM.MIM	146799
FIELD/MDS7.MIM	296094
FIELD/MDS7PB_1.BSX	117418
FIELD/MDS7PB_1.DAT	22360
FIELD/MDS7PB_1.MIM	164340
FIELD/MDS7PB_2.BSX	69020
FIELD/MDS7PB_2.DAT	15982
FIELD/MDS7PB_2.MIM	151327
FIELD/MDS7PLR1.BSX	63863
FIELD/MDS7PLR1.DAT	22916
FIELD/MDS7PLR1.MIM	182360
FIELD/MDS7PLR2.BSX	26881
FIELD/MDS7PLR2.DAT	13517
FIELD/MDS7PLR2.MIM	228634
FIELD/MDS7ST1.BSX	25699
FIELD/MDS7ST1.DAT	16249
FIELD/MDS7ST1.MIM	243188
FIELD/MDS7ST2.BSX	85968
FIELD/MDS7ST2.DAT	18158
FIELD/MDS7ST2.MIM	270519
FIELD/MDS7ST32.BSX	61828
FIELD/MDS7ST32.DAT	10863
FIELD/MDS7ST32.MIM	130521
FIELD/MDS7ST33.BSX	49042
FIELD/MDS7ST33.DAT	12424
FIELD/MDS7ST33.MIM	130521
FIELD/MDS7ST3.BSX	79082
FIELD/MDS7ST3.DAT	10435
FIELD/MDS7ST3.MIM	86884
FIELD/MDS7_W1.BSX	24412
FIELD/MDS7_W1.DAT	9334
FIELD/MDS7_W1.MIM	163799
FIELD/MDS7_W2.BSX	110732
FIELD/MDS7_W2.DAT	28100
FIELD/MDS7_W2.MIM	217361
FIELD/MDS7_W3.BSX	10194
FIELD/MDS7_W3.DAT	11979
FIELD/MDS7_W3.MIM	135556
FIELD/M_ENDO.BSX	2048
FIELD/M_ENDO.DAT	2048
FIELD/M_ENDO.MIM	2048
FIELD/MIDGAL.BSX	55325
FIELD/MIDGAL.DAT	7528
FIELD/MIDGAL.MIM	253254
FIELD/MKT_IA.BSX	18827
FIELD/MKT_IA.DAT	5031
FIELD/MKT_IA.MIM	49319
FIELD/MKTINN.BSX	16083
FIELD/MKTINN.DAT	8580
FIELD/MKTINN.MIM	93678
FIELD/MKT_M.BSX	23870
FIELD/MKT_M.DAT	5497
FIELD/MKT_MENS.BSX	47932
FIELD/MKT_MENS.DAT	11018
FIELD/MKT_MENS.MIM	77478
FIELD/MKT_M.MIM	48477
FIELD/MKTPB.BSX	48018
FIELD/MKTPB.DAT	11080
FIELD/MKTPB.MIM	88992
FIELD/MKT_S1.BSX	46681
FIELD/MKT_S1.DAT	7896
FIELD/MKT_S1.MIM	43078
FIELD/MKT_S2.BSX	63487
FIELD/MKT_S2.DAT	7021
FIELD/MKT_S2.MIM	63071
FIELD/MKT_S3.BSX	17158
FIELD/MKT_S3.DAT	4296
FIELD/MKT_S3.MIM	44485
FIELD/MKT_W.BSX	19258
FIELD/MKT_W.DAT	6208
FIELD/MKT_W.MIM	55162
FIELD/MOGU_1.BSX	55766
FIELD/MOGU_1.DAT	21090
FIELD/MOGU_1.MIM	168560
FIELD/MOVE_D.BSX	3613
FIELD/MOVE_D.DAT	17655
FIELD/MOVE_D.MIM	352525
FIELD/MOVE_F.BSX	1818
FIELD/MOVE_F.DAT	19482
FIELD/MOVE_F.MIM	344185
FIELD/MOVE_I.BSX	1818
FIELD/MOVE_I.DAT	15635
FIELD/MOVE_I.MIM	256157
FIELD/MOVE_R.BSX	1818
FIELD/MOVE_R.DAT	14675
FIELD/MOVE_R.MIM	273297
FIELD/MOVE_S.BSX	1818
FIELD/MOVE_S.DAT	15275
FIELD/MOVE_S.MIM	177708
FIELD/MOVE_U.BSX	1818
FIELD/MOVE_U.DAT	18318
FIELD/MOVE_U.MIM	356945
FIELD/MRKT1.BSX	37933
FIELD/MRKT1.DAT	14313
FIELD/MRKT1.MIM	285549
FIELD/MRKT2.BSX	68278
FIELD/MRKT2.DAT	18349
FIELD/MRKT2.MIM	285732
FIELD/MRKT3.BSX	70191
FIELD/MRKT3.DAT	11115
FIELD/MRKT3.MIM	126704
FIELD/MRKT4.BSX	31056
FIELD/MRKT4.DAT	10980
FIELD/MRKT4.MIM	172927
FIELD/MTCRL_0.BSX	15459
FIELD/MTCRL_0.DAT	16579
FIELD/MTCRL_0.MIM	300689
FIELD/MTCRL_1.BSX	5826
FIELD/MTCRL_1.DAT	14653
FIELD/MTCRL_1.MIM	288015
FIELD/MTCRL_2.BSX	37913
FIELD/MTCRL_2.DAT	24085
FIELD/MTCRL_2.MIM	211934
FIELD/MTCRL_3.BSX	75675
FIELD/MTCRL_3.DAT	15401
FIELD/MTCRL_3.MIM	155550
FIELD/MTCRL_4.BSX	32379
FIELD/MTCRL_4.DAT	15927
FIELD/MTCRL_4.MIM	252285
FIELD/MTCRL_5.BSX	8949
FIELD/MTCRL_5.DAT	12538
FIELD/MTCRL_5.MIM	232138
FIELD/MTCRL_6.BSX	20117
FIELD/MTCRL_6.DAT	20102
FIELD/MTCRL_6.MIM	309029
FIELD/MTCRL_7.BSX	17714
FIELD/MTCRL_7.DAT	7446
FIELD/MTCRL_7.MIM	64921
FIELD/MTCRL_8.BSX	5881
FIELD/MTCRL_8.DAT	8952
FIELD/MTCRL_8.MIM	106544
FIELD/MTCRL_9.BSX	5338
FIELD/MTCRL_9.DAT	12804
FIELD/MTCRL_9.MIM	164509
FIELD/MTNVL2.BSX	62480
FIELD/MTNVL2.DAT	30040
FIELD/MTNVL2.MIM	289098
FIELD/MTNVL3.BSX	54296
FIELD/MTNVL3.DAT	22405
FIELD/MTNVL3.MIM	264921
FIELD/MTNVL4.BSX	32914
FIELD/MTNVL4.DAT	25654
FIELD/MTNVL4.MIM	275572
FIELD/MTNVL5.BSX	22811
FIELD/MTNVL5.DAT	23879
FIELD/MTNVL5.MIM	242419
FIELD/MTNVL6B.BSX	27756
FIELD/MTNVL6B.DAT	15702
FIELD/MTNVL6B.MIM	103992
FIELD/MTNVL6.BSX	122
FIELD/MTNVL6.DAT	22427
FIELD/MTNVL6.MIM	298595
FIELD/NCOIN1.BSX	14879
FIELD/NCOIN1.DAT	3667
FIELD/NCOIN1.MIM	52224
FIELD/NCOIN2.BSX	22322
FIELD/NCOIN2.DAT	3485
FIELD/NCOIN2.MIM	33016
FIELD/NCOIN3.BSX	38426
FIELD/NCOIN3.DAT	4568
FIELD/NCOIN3.MIM	53973
FIELD/NCOINN.BSX	14278
FIELD/NCOINN.DAT	5408
FIELD/NCOINN.MIM	55475
FIELD/NCOREL2.BSX	47323
FIELD/NCOREL2.DAT	17508
FIELD/NCOREL2.MIM	302901
FIELD/NCOREL3.BSX	40650
FIELD/NCOREL3.DAT	17311
FIELD/NCOREL3.MIM	303429
FIELD/NCOREL.BSX	38544
FIELD/NCOREL.DAT	20240
FIELD/NCOREL.MIM	303429
FIELD/NIV_CL.BSX	19868
FIELD/NIV_CL.DAT	8586
FIELD/NIV_CL.MIM	94051
FIELD/NIVGATE2.BSX	45332
FIELD/NIVGATE2.DAT	7422
FIELD/NIVGATE2.MIM	120711
FIELD/NIVGATE3.BSX	29118
FIELD/NIVGATE3.DAT	4504
FIELD/NIVGATE3.MIM	120711
FIELD/NIVGATE4.BSX	15586
FIELD/NIVGATE4.DAT	3417
FIELD/NIVGATE4.MIM	75239
FIELD/NIVGATE.BSX	41056
FIELD/NIVGATE.DAT	7448
FIELD/NIVGATE.MIM	75239
FIELD/NIVINN_1.BSX	25626
FIELD/NIVINN_1.DAT	12251
FIELD/NIVINN_1.MIM	116830
FIELD/NIVINN_2.BSX	16019
FIELD/NIVINN_2.DAT	8556
FIELD/NIVINN_2.MIM	131823
FIELD/NIVINN_3.BSX	10589
FIELD/NIVINN_3.DAT	7489
FIELD/NIVINN_3.MIM	131825
FIELD/NIVL_2.BSX	1709
FIELD/NIVL_2.DAT	11734
FIELD/NIVL_2.MIM	272182
FIELD/NIVL_3.BSX	26188
FIELD/NIVL_3.DAT	15540
FIELD/NIVL_3.MIM	302776
FIELD/NIVL_4.BSX	30617
FIELD/NIVL_4.DAT	11745
FIELD/NIVL_4.MIM	272182
FIELD/NIVL_B12.BSX	40312
FIELD/NIVL_B12.DAT	11390
FIELD/NIVL_B12.MIM	219027
FIELD/NIVL_B1.BSX	38252
FIELD/NIVL_B1.DAT	11344
FIELD/NIVL_B1.MIM	219027
FIELD/NIVL_B22.BSX	39330
FIELD/NIVL_B22.DAT	16716
FIELD/NIVL_B22.MIM	327963
FIELD/NIVL_B2.BSX	43675
FIELD/NIVL_B2.DAT	11957
FIELD/NIVL_B2.MIM	327963
FIELD/NIVL.BSX	47304
FIELD/NIVL.DAT	18213
FIELD/NIVL_E1.BSX	38919
FIELD/NIVL_E1.DAT	7326
FIELD/NIVL_E1.MIM	116898
FIELD/NIVL_E2.BSX	28575
FIELD/NIVL_E2.DAT	7056
FIELD/NIVL_E2.MIM	144038
FIELD/NIVL_E3.BSX	91
FIELD/NIVL_E3.DAT	5951
FIELD/NIVL_E3.MIM	45358
FIELD/NIVL.MIM	272182
FIELD/NIV_TI1.BSX	7345
FIELD/NIV_TI1.DAT	6789
FIELD/NIV_TI1.MIM	114826
FIELD/NIV_TI2.BSX	18262
FIELD/NIV_TI2.DAT	14305
FIELD/NIV_TI2.MIM	116437
FIELD/NIV_TI3.BSX	30793
FIELD/NIV_TI3.DAT	5951
FIELD/NIV_TI3.MIM	97921
FIELD/NIV_TI4.BSX	35964
FIELD/NIV_TI4.DAT	9984
FIELD/NIV_TI4.MIM	113854
FIELD/NIV_W.BSX	24130
FIELD/NIV_W.DAT	6859
FIELD/NIV_W.MIM	95732
FIELD/NMKIN_1.BSX	49989
FIELD/NMKIN_1.DAT	19293
FIELD/NMKIN_1.MIM	214026
FIELD/NMKIN_2.BSX	10108
FIELD/NMKIN_2.DAT	21950
FIELD/NMKIN_2.MIM	279096
FIELD/NMKIN_3.BSX	14170
FIELD/NMKIN_3.DAT	21056
FIELD/NMKIN_3.MIM	273174
FIELD/NMKIN_4.BSX	13698
FIELD/NMKIN_4.DAT	19959
FIELD/NMKIN_4.MIM	292622
FIELD/NMKIN_5.BSX	12739
FIELD/NMKIN_5.DAT	20977
FIELD/NMKIN_5.MIM	240279
FIELD/NRTHMK.BSX	21297
FIELD/NRTHMK.DAT	14999
FIELD/NRTHMK.MIM	210328
FIELD/NVDUN1.BSX	39349
FIELD/NVDUN1.DAT	26577
FIELD/NVDUN1.MIM	249381
FIELD/NVDUN2.BSX	27965
FIELD/NVDUN2.DAT	19918
FIELD/NVDUN2.MIM	193967
FIELD/NVDUN31.BSX	25633
FIELD/NVDUN31.DAT	15931
FIELD/NVDUN31.MIM	119235
FIELD/NVDUN3.BSX	32341
FIELD/NVDUN3.DAT	24377
FIELD/NVDUN3.MIM	273514
FIELD/NVDUN4.BSX	4141
FIELD/NVDUN4.DAT	22233
FIELD/NVDUN4.MIM	282757
FIELD/NVMIN1_1.BSX	20827
FIELD/NVMIN1_1.DAT	7128
FIELD/NVMIN1_1.MIM	109606
FIELD/NVMIN1_2.BSX	5690
FIELD/NVMIN1_2.DAT	3751
FIELD/NVMIN1_2.MIM	56943
FIELD/NVMKIN1.BSX	82985
FIELD/NVMKIN1.DAT	19820
FIELD/NVMKIN1.MIM	311032
FIELD/NVMKIN21.BSX	80396
FIELD/NVMKIN21.DAT	19132
FIELD/NVMKIN21.MIM	231152
FIELD/NVMKIN22.BSX	95645
FIELD/NVMKIN22.DAT	17933
FIELD/NVMKIN22.MIM	225155
FIELD/NVMKIN23.BSX	90
FIELD/NVMKIN23.DAT	17335
FIELD/NVMKIN23.MIM	193985
FIELD/NVMKIN31.BSX	9833
FIELD/NVMKIN31.DAT	14028
FIELD/NVMKIN31.MIM	103934
FIELD/NVMKIN32.BSX	54127
FIELD/NVMKIN32.DAT	16290
FIELD/NVMKIN32.MIM	174375
FIELD/ONNA_1.BSX	60367
FIELD/ONNA_1.DAT	2048
FIELD/ONNA_1.MIM	220021
FIELD/ONNA_2.BSX	15773
FIELD/ONNA_2.DAT	10684
FIELD/ONNA_2.MIM	225856
FIELD/ONNA_3.BSX	24492
FIELD/ONNA_3.DAT	2048
FIELD/ONNA_3.MIM	240548
FIELD/ONNA_4.BSX	22813
FIELD/ONNA_4.DAT	13380
FIELD/ONNA_4.MIM	210305
FIELD/ONNA_52.BSX	58820
FIELD/ONNA_52.DAT	17444
FIELD/ONNA_52.MIM	198848
FIELD/ONNA_5.BSX	36686
FIELD/ONNA_5.DAT	14673
FIELD/ONNA_5.MIM	249641
FIELD/ONNA_6.BSX	13703
FIELD/ONNA_6.DAT	2048
FIELD/ONNA_6.MIM	260669
FIELD/PASS.BSX	2048
FIELD/PASS.DAT	2048
FIELD/PASS.MIM	2048
FIELD/PILLAR_1.BSX	7391
FIELD/PILLAR_1.DAT	21175
FIELD/PILLAR_1.MIM	198317
FIELD/PILLAR_2.BSX	14337
FIELD/PILLAR_2.DAT	23427
FIELD/PILLAR_2.MIM	238882
FIELD/PILLAR_3.BSX	69749
FIELD/PILLAR_3.DAT	24450
FIELD/PILLAR_3.MIM	115405
FIELD/PRISILA.BSX	25597
FIELD/PRISILA.DAT	7999
FIELD/PRISILA.MIM	100286
FIELD/PSDUN_1.BSX	40017
FIELD/PSDUN_1.DAT	15382
FIELD/PSDUN_1.MIM	244899
FIELD/PSDUN_2.BSX	17589
FIELD/PSDUN_2.DAT	15575
FIELD/PSDUN_2.MIM	178442
FIELD/PSDUN_3.BSX	16907
FIELD/PSDUN_3.DAT	17928
FIELD/PSDUN_3.MIM	272463
FIELD/PSDUN_4.BSX	11306
FIELD/PSDUN_4.DAT	16737
FIELD/PSDUN_4.MIM	242485
FIELD/Q_1.BSX	24228
FIELD/Q_1.DAT	11902
FIELD/Q_1.MIM	160323
FIELD/Q_2.BSX	19318
FIELD/Q_2.DAT	15598
FIELD/Q_2.MIM	253974
FIELD/Q_3.BSX	5171
FIELD/Q_3.DAT	12133
FIELD/Q_3.MIM	147381
FIELD/Q_4.BSX	14072
FIELD/Q_4.DAT	14458
FIELD/Q_4.MIM	244061
FIELD/Q_5.BSX	2048
FIELD/Q_5.DAT	2048
FIELD/Q_5.MIM	2048
FIELD/RCKT2.BSX	20611
FIELD/RCKT2.DAT	19666
FIELD/RCKT2.MIM	256356
FIELD/RCKT32.BSX	51613
FIELD/RCKT32.DAT	18406
FIELD/RCKT32.MIM	93784
FIELD/RCKT3.BSX	22151
FIELD/RCKT3.DAT	16324
FIELD/RCKT3.MIM	93784
FIELD/RCKTBAS1.BSX	38133
FIELD/RCKTBAS1.DAT	26780
FIELD/RCKTBAS1.MIM	285837
FIELD/RCKTBAS2.BSX	17816
FIELD/RCKTBAS2.DAT	24687
FIELD/RCKTBAS2.MIM	301893
FIELD/RCKT.BSX	44843
FIELD/RCKT.DAT	20704
FIELD/RCKTIN1.BSX	1259
FIELD/RCKTIN1.DAT	12116
FIELD/RCKTIN1.MIM	71969
FIELD/RCKTIN2.BSX	53720
FIELD/RCKTIN2.DAT	18311
FIELD/RCKTIN2.MIM	117873
FIELD/RCKTIN3.BSX	12618
FIELD/RCKTIN3.DAT	13925
FIELD/RCKTIN3.MIM	94942
FIELD/RCKTIN4.BSX	50018
FIELD/RCKTIN4.DAT	15099
FIELD/RCKTIN4.MIM	75643
FIELD/RCKTIN5.BSX	68043
FIELD/RCKTIN5.DAT	21503
FIELD/RCKTIN5.MIM	76836
FIELD/RCKTIN6.BSX	73934
FIELD/RCKTIN6.DAT	16787
FIELD/RCKTIN6.MIM	110588
FIELD/RCKTIN7.BSX	18771
FIELD/RCKTIN7.DAT	13789
FIELD/RCKTIN7.MIM	121563
FIELD/RCKTIN8.BSX	1259
FIELD/RCKTIN8.DAT	12292
FIELD/RCKTIN8.MIM	63421
FIELD/RCKT.MIM	213833
FIELD/RED.BCX	8503
FIELD/RKT_I.BSX	23488
FIELD/RKT_I.DAT	18803
FIELD/RKT_I.MIM	144422
FIELD/RKTINN1.BSX	34166
FIELD/RKTINN1.DAT	18894
FIELD/RKTINN1.MIM	158411
FIELD/RKTINN2.BSX	113
FIELD/RKTINN2.DAT	16614
FIELD/RKTINN2.MIM	126587
FIELD/RKTMIN1.BSX	11359
FIELD/RKTMIN1.DAT	15944
FIELD/RKTMIN1.MIM	125451
FIELD/RKTMIN2.BSX	28065
FIELD/RKTMIN2.DAT	17716
FIELD/RKTMIN2.MIM	152664
FIELD/RKTSID.BSX	49041
FIELD/RKTSID.DAT	20745
FIELD/RKTSID.MIM	158678
FIELD/RKT_W.BSX	15750
FIELD/RKT_W.DAT	18014
FIELD/RKT_W.MIM	143210
FIELD/ROADEND.BSX	788
FIELD/ROADEND.DAT	12540
FIELD/ROADEND.MIM	68854
FIELD/ROOTMAP.BSX	36663
FIELD/ROOTMAP.DAT	8041
FIELD/ROOTMAP.MIM	157071
FIELD/ROPEST.BSX	21376
FIELD/ROPEST.DAT	13463
FIELD/ROPEST.MIM	218261
FIELD/SANDUN_1.BSX	16336
FIELD/SANDUN_1.DAT	24062
FIELD/SANDUN_1.MIM	285242
FIELD/SANDUN_2.BSX	4130
FIELD/SANDUN_2.DAT	13916
FIELD/SANDUN_2.MIM	119792
FIELD/SANGO1.BSX	4131
FIELD/SANGO1.DAT	22505
FIELD/SANGO1.MIM	297613
FIELD/SANGO2.BSX	111
FIELD/SANGO2.DAT	14524
FIELD/SANGO2.MIM	287379
FIELD/SANGO3.BSX	5483
FIELD/SANGO3.DAT	20109
FIELD/SANGO3.MIM	251712
FIELD/SEA.BSX	16357
FIELD/SEA.DAT	14941
FIELD/SEA.MIM	132190
FIELD/SEMKIN_1.BSX	28421
FIELD/SEMKIN_1.DAT	17930
FIELD/SEMKIN_1.MIM	237596
FIELD/SEMKIN_2.BSX	8408
FIELD/SEMKIN_2.DAT	21457
FIELD/SEMKIN_2.MIM	294708
FIELD/SEMKIN_3.BSX	13668
FIELD/SEMKIN_3.DAT	21022
FIELD/SEMKIN_3.MIM	239183
FIELD/SEMKIN_4.BSX	21015
FIELD/SEMKIN_4.DAT	23002
FIELD/SEMKIN_4.MIM	296296
FIELD/SEMKIN_5.BSX	71901
FIELD/SEMKIN_5.DAT	22686
FIELD/SEMKIN_5.MIM	226647
FIELD/SEMKIN_6.BSX	44797
FIELD/SEMKIN_6.DAT	21300
FIELD/SEMKIN_6.MIM	205033
FIELD/SEMKIN_7.BSX	27073
FIELD/SEMKIN_7.DAT	19380
FIELD/SEMKIN_7.MIM	212494
FIELD/SEMKIN_8.BSX	10492
FIELD/SEMKIN_8.DAT	19042
FIELD/SEMKIN_8.MIM	111177
FIELD/SETO1.BSX	26514
FIELD/SETO1.DAT	15824
FIELD/SETO1.MIM	152331
FIELD/SHIP_1.BSX	50045
FIELD/SHIP_1.DAT	19917
FIELD/SHIP_1.MIM	277330
FIELD/SHIP_2.BSX	36900
FIELD/SHIP_2.DAT	11115
FIELD/SHIP_2.MIM	129277
FIELD/SHPIN_22.BSX	193
FIELD/SHPIN_22.DAT	5645
FIELD/SHPIN_22.MIM	166424
FIELD/SHPIN_2.BSX	24955
FIELD/SHPIN_2.DAT	13684
FIELD/SHPIN_2.MIM	142881
FIELD/SHPIN_3.BSX	59160
FIELD/SHPIN_3.DAT	15734
FIELD/SHPIN_3.MIM	155951
FIELD/SICHI.BSX	4914
FIELD/SICHI.DAT	8985
FIELD/SICHI.MIM	176717
FIELD/SINBIL_1.BSX	12591
FIELD/SINBIL_1.DAT	11188
FIELD/SINBIL_1.MIM	82271
FIELD/SINBIL_2.BSX	193
FIELD/SINBIL_2.DAT	5964
FIELD/SINBIL_2.MIM	60433
FIELD/SININ1_1.BSX	5510
FIELD/SININ1_1.DAT	17404
FIELD/SININ1_1.MIM	136365
FIELD/SININ1_2.BSX	17894
FIELD/SININ1_2.DAT	16478
FIELD/SININ1_2.MIM	184297
FIELD/SININ2_1.BSX	10412
FIELD/SININ2_1.DAT	22729
FIELD/SININ2_1.MIM	193870
FIELD/SININ2_2.BSX	15652
FIELD/SININ2_2.DAT	16591
FIELD/SININ2_2.MIM	195843
FIELD/SININ3.BSX	122
FIELD/SININ3.DAT	14695
FIELD/SININ3.MIM	76813
FIELD/SININB1.BSX	9825
FIELD/SININB1.DAT	10758
FIELD/SININB1.MIM	65149
FIELD/SININB2.BSX	36590
FIELD/SININB2.DAT	17440
FIELD/SININB2.MIM	167114
FIELD/SININB31.BSX	10922
FIELD/SININB31.DAT	15994
FIELD/SININB31.MIM	141620
FIELD/SININB32.BSX	192
FIELD/SININB32.DAT	12102
FIELD/SININB32.MIM	119867
FIELD/SININB33.BSX	42156
FIELD/SININB33.DAT	7992
FIELD/SININB33.MIM	141620
FIELD/SININB34.BSX	28760
FIELD/SININB34.DAT	10336
FIELD/SININB34.MIM	205867
FIELD/SININB35.BSX	28396
FIELD/SININB35.DAT	12436
FIELD/SININB35.MIM	229889
FIELD/SININB36.BSX	15962
FIELD/SININB36.DAT	4526
FIELD/SININB36.MIM	80103
FIELD/SININB41.BSX	17519
FIELD/SININB41.DAT	15917
FIELD/SININB41.MIM	119835
FIELD/SININB42.BSX	20346
FIELD/SININB42.DAT	14171
FIELD/SININB42.MIM	70183
FIELD/SININB51.BSX	14252
FIELD/SININB51.DAT	13890
FIELD/SININB51.MIM	81626
FIELD/SININB52.BSX	115
FIELD/SININB52.DAT	10510
FIELD/SININB52.MIM	60852
FIELD/SKY.BSX	5561
FIELD/SKY.DAT	12819
FIELD/SKY.MIM	141773
FIELD/SLFRST_1.BSX	28429
FIELD/SLFRST_1.DAT	13428
FIELD/SLFRST_1.MIM	110659
FIELD/SLFRST_2.BSX	3379
FIELD/SLFRST_2.DAT	19556
FIELD/SLFRST_2.MIM	222871
FIELD/SMKIN_1.BSX	27923
FIELD/SMKIN_1.DAT	21218
FIELD/SMKIN_1.MIM	237369
FIELD/SMKIN_2.BSX	3508
FIELD/SMKIN_2.DAT	19723
FIELD/SMKIN_2.MIM	288544
FIELD/SMKIN_3.BSX	4371
FIELD/SMKIN_3.DAT	18543
FIELD/SMKIN_3.MIM	249862
FIELD/SMKIN_4.BSX	13693
FIELD/SMKIN_4.DAT	20065
FIELD/SMKIN_4.MIM	303074
FIELD/SMKIN_5.BSX	12736
FIELD/SMKIN_5.DAT	20873
FIELD/SMKIN_5.MIM	275344
FIELD/SNINN_1.BSX	39373
FIELD/SNINN_1.DAT	10810
FIELD/SNINN_1.MIM	156621
FIELD/SNINN_2.BSX	809
FIELD/SNINN_2.DAT	6004
FIELD/SNINN_2.MIM	92543
FIELD/SNINN_B1.BSX	54841
FIELD/SNINN_B1.DAT	10989
FIELD/SNINN_B1.MIM	167663
FIELD/SNMAYOR.BSX	61825
FIELD/SNMAYOR.DAT	17828
FIELD/SNMAYOR.MIM	201643
FIELD/SNMIN1.BSX	36816
FIELD/SNMIN1.DAT	10879
FIELD/SNMIN1.MIM	159156
FIELD/SNMIN2.BSX	45147
FIELD/SNMIN2.DAT	11729
FIELD/SNMIN2.MIM	176940
FIELD/SNOW.BSX	57845
FIELD/SNOW.DAT	26026
FIELD/SNOW.MIM	265063
FIELD/SNW_W.BSX	18107
FIELD/SNW_W.DAT	8380
FIELD/SNW_W.MIM	146675
FIELD/SOUTHMK1.BSX	8348
FIELD/SOUTHMK1.DAT	14349
FIELD/SOUTHMK1.MIM	217085
FIELD/SOUTHMK2.BSX	59869
FIELD/SOUTHMK2.DAT	15431
FIELD/SOUTHMK2.MIM	124744
FIELD/SPGATE.BSX	90
FIELD/SPGATE.DAT	14294
FIELD/SPGATE.MIM	74669
FIELD/SPIPE_1.BSX	15140
FIELD/SPIPE_1.DAT	20103
FIELD/SPIPE_1.MIM	170026
FIELD/SPIPE_2.BSX	19774
FIELD/SPIPE_2.DAT	19665
FIELD/SPIPE_2.MIM	96748
FIELD/STARTMAP.BSX	124
FIELD/STARTMAP.DAT	3649
FIELD/STARTMAP.MIM	16227
FIELD/SUBIN_1A.BSX	73193
FIELD/SUBIN_1A.DAT	10339
FIELD/SUBIN_1A.MIM	132148
FIELD/SUBIN_1B.BSX	105591
FIELD/SUBIN_1B.DAT	20360
FIELD/SUBIN_1B.MIM	139502
FIELD/SUBIN_2A.BSX	32820
FIELD/SUBIN_2A.DAT	11599
FIELD/SUBIN_2A.MIM	187954
FIELD/SUBIN_2B.BSX	35109
FIELD/SUBIN_2B.DAT	13188
FIELD/SUBIN_2B.MIM	187247
FIELD/SUBIN_3.BSX	13729
FIELD/SUBIN_3.DAT	9890
FIELD/SUBIN_3.MIM	157079
FIELD/SUBIN_4.BSX	2048
FIELD/SUBIN_4.DAT	2048
FIELD/SUBIN_4.MIM	2048
FIELD/TIFA.BCX	8243
FIELD/TIN_1.BSX	98761
FIELD/TIN_1.DAT	20645
FIELD/TIN_1.MIM	156934
FIELD/TIN_2.BSX	62090
FIELD/TIN_2.DAT	10364
FIELD/TIN_2.MIM	151005
FIELD/TIN_3.BSX	40399
FIELD/TIN_3.DAT	10198
FIELD/TIN_3.MIM	152458
FIELD/TIN_4.BSX	78260
FIELD/TIN_4.DAT	9951
FIELD/TIN_4.MIM	83279
FIELD/TRACKIN2.BSX	41435
FIELD/TRACKIN2.DAT	8414
FIELD/TRACKIN2.MIM	114515
FIELD/TRACKIN.BSX	29295
FIELD/TRACKIN.DAT	8432
FIELD/TRACKIN.MIM	114502
FIELD/TRAP.BSX	2048
FIELD/TRAP.DAT	2048
FIELD/TRAP.MIM	119318
FIELD/TRNAD_1.BSX	72384
FIELD/TRNAD_1.DAT	16023
FIELD/TRNAD_1.MIM	239180
FIELD/TRNAD_2.BSX	18729
FIELD/TRNAD_2.DAT	13103
FIELD/TRNAD_2.MIM	244802
FIELD/TRNAD_3.BSX	10696
FIELD/TRNAD_3.DAT	13597
FIELD/TRNAD_3.MIM	187850
FIELD/TRNAD_4.BSX	65055
FIELD/TRNAD_4.DAT	19346
FIELD/TRNAD_4.MIM	226043
FIELD/TRNAD_51.BSX	62144
FIELD/TRNAD_51.DAT	15524
FIELD/TRNAD_51.MIM	274545
FIELD/TRNAD_52.BSX	53031
FIELD/TRNAD_52.DAT	6488
FIELD/TRNAD_52.MIM	133709
FIELD/TRNAD_53.BSX	24373
FIELD/TRNAD_53.DAT	11395
FIELD/TRNAD_53.MIM	312622
FIELD/TUNNEL_1.BSX	3967
FIELD/TUNNEL_1.DAT	12030
FIELD/TUNNEL_1.MIM	65780
FIELD/TUNNEL_2.BSX	6417
FIELD/TUNNEL_2.DAT	8075
FIELD/TUNNEL_2.MIM	117801
FIELD/TUNNEL_3.BSX	8017
FIELD/TUNNEL_3.DAT	8475
FIELD/TUNNEL_3.MIM	56913
FIELD/TUNNEL_4.BSX	27503
FIELD/TUNNEL_4.DAT	20371
FIELD/TUNNEL_4.MIM	86147
FIELD/TUNNEL_5.BSX	15181
FIELD/TUNNEL_5.DAT	17044
FIELD/TUNNEL_5.MIM	65210
FIELD/TUNNEL_6.BSX	46620
FIELD/TUNNEL_6.DAT	23709
FIELD/TUNNEL_6.MIM	86147
FIELD/UJUNON1.BSX	61055
FIELD/UJUNON1.DAT	25013
FIELD/UJUNON1.MIM	293421
FIELD/UJUNON2.BSX	46432
FIELD/UJUNON2.DAT	20370
FIELD/UJUNON2.MIM	350309
FIELD/UJUNON3.BSX	22629
FIELD/UJUNON3.DAT	13923
FIELD/UJUNON3.MIM	182495
FIELD/UJUNON4.BSX	30582
FIELD/UJUNON4.DAT	13728
FIELD/UJUNON4.MIM	243452
FIELD/UJUNON5.BSX	63035
FIELD/UJUNON5.DAT	13189
FIELD/UJUNON5.MIM	243452
FIELD/UJUN_W.BSX	6342
FIELD/UJUN_W.DAT	3827
FIELD/UJUN_W.MIM	52374
FIELD/UTA_IM.BSX	27552
FIELD/UTA_IM.DAT	5467
FIELD/UTA_IM.MIM	51413
FIELD/UTAPB.BSX	56652
FIELD/UTAPB.DAT	10831
FIELD/UTAPB.MIM	95428
FIELD/UTA_WA.BSX	14597
FIELD/UTA_WA.DAT	3604
FIELD/UTA_WA.MIM	53244
FIELD/UTMIN1.BSX	21314
FIELD/UTMIN1.DAT	5398
FIELD/UTMIN1.MIM	53206
FIELD/UTMIN2.BSX	18817
FIELD/UTMIN2.DAT	6241
FIELD/UTMIN2.MIM	50400
FIELD/UTTMPIN1.BSX	9355
FIELD/UTTMPIN1.DAT	9433
FIELD/UTTMPIN1.MIM	128276
FIELD/UTTMPIN2.BSX	33064
FIELD/UTTMPIN2.DAT	10783
FIELD/UTTMPIN2.MIM	103544
FIELD/UTTMPIN3.BSX	35145
FIELD/UTTMPIN3.DAT	10344
FIELD/UTTMPIN3.MIM	96658
FIELD/UTTMPIN4.BSX	39329
FIELD/UTTMPIN4.DAT	10216
FIELD/UTTMPIN4.MIM	99192
FIELD/UUTAI1.BSX	49682
FIELD/UUTAI1.DAT	22447
FIELD/UUTAI1.MIM	348930
FIELD/UUTAI2.BSX	36389
FIELD/UUTAI2.DAT	10836
FIELD/UUTAI2.MIM	107709
FIELD/VINCENT.BCX	7050
FIELD/WCRIMB_1.BSX	16278
FIELD/WCRIMB_1.DAT	14665
FIELD/WCRIMB_1.MIM	156536
FIELD/WCRIMB_2.BSX	5585
FIELD/WCRIMB_2.DAT	9855
FIELD/WCRIMB_2.MIM	126010
FIELD/WHITE1.BSX	19554
FIELD/WHITE1.DAT	11953
FIELD/WHITE1.MIM	169987
FIELD/WHITE2.BSX	17826
FIELD/WHITE2.DAT	9913
FIELD/WHITE2.MIM	47434
FIELD/WHITEBG1.BSX	37794
FIELD/WHITEBG1.DAT	2048
FIELD/WHITEBG1.MIM	15746
FIELD/WHITEBG2.BSX	17263
FIELD/WHITEBG2.DAT	2048
FIELD/WHITEBG2.MIM	15746
FIELD/WHITEBG3.BSX	40525
FIELD/WHITEBG3.DAT	13973
FIELD/WHITEBG3.MIM	15746
FIELD/WHITEIN.BSX	115
FIELD/WHITEIN.DAT	19765
FIELD/WHITEIN.MIM	175992
FIELD/WM0.BSX	2048
FIELD/WM0.DAT	2048
FIELD/WM0.MIM	2048
FIELD/WM10.BSX	2048
FIELD/WM10.DAT	2048
FIELD/WM10.MIM	2048
FIELD/WM11.BSX	2048
FIELD/WM11.DAT	2048
FIELD/WM11.MIM	2048
FIELD/WM12.BSX	2048
FIELD/WM12.DAT	2048
FIELD/WM12.MIM	2048
FIELD/WM13.BSX	2048
FIELD/WM13.DAT	2048
FIELD/WM13.MIM	2048
FIELD/WM14.BSX	2048
FIELD/WM14.DAT	2048
FIELD/WM14.MIM	2048
FIELD/WM15.BSX	2048
FIELD/WM15.DAT	2048
FIELD/WM15.MIM	2048
FIELD/WM16.BSX	2048
FIELD/WM16.DAT	2048
FIELD/WM16.MIM	2048
FIELD/WM17.BSX	2048
FIELD/WM17.DAT	2048
FIELD/WM17.MIM	2048
FIELD/WM18.BSX	2048
FIELD/WM18.DAT	2048
FIELD/WM18.MIM	2048
FIELD/WM19.BSX	2048
FIELD/WM19.DAT	2048
FIELD/WM19.MIM	2048
FIELD/WM1.BSX	2048
FIELD/WM1.DAT	2048
FIELD/WM1.MIM	2048
FIELD/WM20.BSX	2048
FIELD/WM20.DAT	2048
FIELD/WM20.MIM	2048
FIELD/WM21.BSX	2048
FIELD/WM21.DAT	2048
FIELD/WM21.MIM	2048
FIELD/WM22.BSX	2048
FIELD/WM22.DAT	2048
FIELD/WM22.MIM	2048
FIELD/WM23.BSX	2048
FIELD/WM23.DAT	2048
FIELD/WM23.MIM	2048
FIELD/WM24.BSX	2048
FIELD/WM24.DAT	2048
FIELD/WM24.MIM	2048
FIELD/WM25.BSX	2048
FIELD/WM25.DAT	2048
FIELD/WM25.MIM	2048
FIELD/WM26.BSX	2048
FIELD/WM26.DAT	2048
FIELD/WM26.MIM	2048
FIELD/WM27.BSX	2048
FIELD/WM27.DAT	2048
FIELD/WM27.MIM	2048
FIELD/WM28.BSX	2048
FIELD/WM28.DAT	2048
FIELD/WM28.MIM	2048
FIELD/WM29.BSX	2048
FIELD/WM29.DAT	2048
FIELD/WM29.MIM	2048
FIELD/WM2.BSX	2048
FIELD/WM2.DAT	2048
FIELD/WM2.MIM	2048
FIELD/WM30.BSX	2048
FIELD/WM30.DAT	2048
FIELD/WM30.MIM	2048
FIELD/WM31.BSX	2048
FIELD/WM31.DAT	2048
FIELD/WM31.MIM	2048
FIELD/WM32.BSX	2048
FIELD/WM32.DAT	2048
FIELD/WM32.MIM	2048
FIELD/WM33.BSX	2048
FIELD/WM33.DAT	2048
FIELD/WM33.MIM	2048
FIELD/WM34.BSX	2048
FIELD/WM34.DAT	2048
FIELD/WM34.MIM	2048
FIELD/WM35.BSX	2048
FIELD/WM35.DAT	2048
FIELD/WM35.MIM	2048
FIELD/WM36.BSX	2048
FIELD/WM36.DAT	2048
FIELD/WM36.MIM	2048
FIELD/WM37.BSX	2048
FIELD/WM37.DAT	2048
FIELD/WM37.MIM	2048
FIELD/WM38.BSX	2048
FIELD/WM38.DAT	2048
FIELD/WM38.MIM	2048
FIELD/WM39.BSX	2048
FIELD/WM39.DAT	2048
FIELD/WM39.MIM	2048
FIELD/WM3.BSX	2048
FIELD/WM3.DAT	2048
FIELD/WM3.MIM	2048
FIELD/WM40.BSX	2048
FIELD/WM40.DAT	2048
FIELD/WM40.MIM	2048
FIELD/WM41.BSX	2048
FIELD/WM41.DAT	2048
FIELD/WM41.MIM	2048
FIELD/WM42.BSX	2048
FIELD/WM42.DAT	2048
FIELD/WM42.MIM	2048
FIELD/WM43.BSX	2048
FIELD/WM43.DAT	2048
FIELD/WM43.MIM	2048
FIELD/WM44.BSX	2048
FIELD/WM44.DAT	2048
FIELD/WM44.MIM	2048
FIELD/WM45.BSX	2048
FIELD/WM45.DAT	2048
FIELD/WM45.MIM	2048
FIELD/WM46.BSX	2048
FIELD/WM46.DAT	2048
FIELD/WM46.MIM	2048
FIELD/WM47.BSX	2048
FIELD/WM47.DAT	2048
FIELD/WM47.MIM	2048
FIELD/WM48.BSX	2048
FIELD/WM48.DAT	2048
FIELD/WM48.MIM	2048
FIELD/WM49.BSX	2048
FIELD/WM49.DAT	2048
FIELD/WM49.MIM	2048
FIELD/WM4.BSX	2048
FIELD/WM4.DAT	2048
FIELD/WM4.MIM	2048
FIELD/WM50.BSX	2048
FIELD/WM50.DAT	2048
FIELD/WM50.MIM	2048
FIELD/WM51.BSX	2048
FIELD/WM51.DAT	2048
FIELD/WM51.MIM	2048
FIELD/WM52.BSX	2048
FIELD/WM52.DAT	2048
FIELD/WM52.MIM	2048
FIELD/WM53.BSX	2048
FIELD/WM53.DAT	2048
FIELD/WM53.MIM	2048
FIELD/WM54.BSX	2048
FIELD/WM54.DAT	2048
FIELD/WM54.MIM	2048
FIELD/WM55.BSX	2048
FIELD/WM55.DAT	2048
FIELD/WM55.MIM	2048
FIELD/WM56.BSX	2048
FIELD/WM56.DAT	2048
FIELD/WM56.MIM	2048
FIELD/WM57.BSX	2048
FIELD/WM57.DAT	2048
FIELD/WM57.MIM	2048
FIELD/WM58.BSX	2048
FIELD/WM58.DAT	2048
FIELD/WM58.MIM	2048
FIELD/WM59.BSX	2048
FIELD/WM59.DAT	2048
FIELD/WM59.MIM	2048
FIELD/WM5.BSX	2048
FIELD/WM5.DAT	2048
FIELD/WM5.MIM	2048
FIELD/WM60.BSX	2048
FIELD/WM60.DAT	2048
FIELD/WM60.MIM	2048
FIELD/WM61.BSX	2048
FIELD/WM61.DAT	2048
FIELD/WM61.MIM	2048
FIELD/WM62.BSX	2048
FIELD/WM62.DAT	2048
FIELD/WM62.MIM	2048
FIELD/WM63.BSX	2048
FIELD/WM63.DAT	2048
FIELD/WM63.MIM	2048
FIELD/WM6.BSX	2048
FIELD/WM6.DAT	2048
FIELD/WM6.MIM	2048
FIELD/WM7.BSX	2048
FIELD/WM7.DAT	2048
FIELD/WM7.MIM	2048
FIELD/WM8.BSX	2048
FIELD/WM8.DAT	2048
FIELD/WM8.MIM	2048
FIELD/WM9.BSX	2048
FIELD/WM9.DAT	2048
FIELD/WM9.MIM	2048
FIELD/WOA_1.BSX	8366
FIELD/WOA_1.DAT	13011
FIELD/WOA_1.MIM	166323
FIELD/WOA_2.BSX	3565
FIELD/WOA_2.DAT	13789
FIELD/WOA_2.MIM	172522
FIELD/WOA_3.BSX	4896
FIELD/WOA_3.DAT	15978
FIELD/WOA_3.MIM	162223
FIELD/XMVTES.BSX	6787
FIELD/XMVTES.DAT	2048
FIELD/XMVTES.MIM	20191
FIELD/YOUGAN2.BSX	44833
FIELD/YOUGAN2.DAT	14019
FIELD/YOUGAN2.MIM	81005
FIELD/YOUGAN3.BSX	64607
FIELD/YOUGAN3.DAT	15152
FIELD/YOUGAN3.MIM	81005
FIELD/YOUGAN.BSX	64607
FIELD/YOUGAN.DAT	11929
FIELD/YOUGAN.MIM	81770
FIELD/YUFI.BCX	7611
FIELD/YUFY1.BSX	21175
FIELD/YUFY1.DAT	7880
FIELD/YUFY1.MIM	51542
FIELD/YUFY2.BSX	11646
FIELD/YUFY2.DAT	9672
FIELD/YUFY2.MIM	72877
FIELD/ZCOAL_1.BSX	23716
FIELD/ZCOAL_1.DAT	16497
FIELD/ZCOAL_1.MIM	201831
FIELD/ZCOAL_2.BSX	2769
FIELD/ZCOAL_2.DAT	13586
FIELD/ZCOAL_2.MIM	137146
FIELD/ZCOAL_3.BSX	31138
FIELD/ZCOAL_3.DAT	15630
FIELD/ZCOAL_3.MIM	253990
FIELD/ZMIND1.BSX	17199
FIELD/ZMIND1.DAT	9404
FIELD/ZMIND1.MIM	203577
FIELD/ZMIND2.BSX	8042
FIELD/ZMIND2.DAT	9375
FIELD/ZMIND2.MIM	177837
FIELD/ZMIND3.BSX	30164
FIELD/ZMIND3.DAT	12249
FIELD/ZMIND3.MIM	203550
FIELD/ZTRUCK.BSX	32183
FIELD/ZTRUCK.DAT	5543
FIELD/ZTRUCK.MIM	121728
FIELD/ZZ1.BSX	9147
FIELD/ZZ1.DAT	8413
FIELD/ZZ1.MIM	233606
FIELD/ZZ2.BSX	10703
FIELD/ZZ2.DAT	8681
FIELD/ZZ2.MIM	87355
FIELD/ZZ3.BSX	23944
FIELD/ZZ3.DAT	10456
FIELD/ZZ3.MIM	105110
FIELD/ZZ4.BSX	16086
FIELD/ZZ4.DAT	8153
FIELD/ZZ4.MIM	106657
FIELD/ZZ5.BSX	115
FIELD/ZZ5.DAT	7236
FIELD/ZZ5.MIM	139345
FIELD/ZZ6.BSX	1923
FIELD/ZZ6.DAT	10977
FIELD/ZZ6.MIM	186817
FIELD/ZZ7.BSX	115
FIELD/ZZ7.DAT	7722
FIELD/ZZ7.MIM	121984
FIELD/ZZ8.BSX	115
FIELD/ZZ8.DAT	7312
FIELD/ZZ8.MIM	155557
INIT/KERNEL.BIN	22184
INIT/WINDOW.BIN	13359
INIT/YAMADA.BIN	80
license_data.dat	28032
MAGIC/AEROGA.BIN	105036
MAGIC/ALEX1.LZS	55130
MAGIC/ALEX.BIN	254332
MAGIC/ALMIGHTY.BIN	1448
MAGIC/ALTEMA.BIN	171708
MAGIC/ANGERMAX.BIN	57042
MAGIC/ANTLION.BIN	213124
MAGIC/AQUA.BIN	169864
MAGIC/ATOMIC.BIN	256680
MAGIC/AWA.BIN	204460
MAGIC/AYASII.BIN	128892
MAGIC/BACUME.BIN	130772
MAGIC/BARRIER.BIN	3264
MAGIC/BEAM.BIN	195128
MAGIC/BEAST.BIN	177488
MAGIC/BEATA.BIN	179268
MAGIC/BEAT.BIN	54592
MAGIC/BERSERK.BIN	135988
MAGIC/BIO.BIN	30856
MAGIC/BIOGA1.BIN	204020
MAGIC/BIOGA2.BIN	210920
MAGIC/BIORA.BIN	117880
MAGIC/BLASTER.BIN	236048
MAGIC/BLAVER.BIN	59860
MAGIC/BOOST.BIN	41596
MAGIC/BRAND.BIN	28156
MAGIC/BREAK.BIN	119592
MAGIC/BRIZAD.BIN	4116
MAGIC/BRIZAG2.BIN	259676
MAGIC/BRIZAG.BIN	175632
MAGIC/BRIZARA.BIN	36760
MAGIC/BUSHIN2.BIN	281764
MAGIC/CAREL.BIN	4402
MAGIC/CATASTRO.BIN	100140
MAGIC/CBREATH.BIN	172324
MAGIC/CHI.BIN	98448
MAGIC/CHIKASUI.BIN	108780
MAGIC/CHOCO0.BIN	219512
MAGIC/CHO_KYU.BIN	259228
MAGIC/CLIMB.BIN	26344
MAGIC/CLUB1.BIN	218872
MAGIC/CLUB2.BIN	264296
MAGIC/COMET.BIN	144572
MAGIC/COMETEO.BIN	148048
MAGIC/CONF.BIN	193724
MAGIC/COSMO.BIN	281160
MAGIC/DAICHI.BIN	30608
MAGIC/DAIONPA.BIN	246972
MAGIC/DAISENP.BIN	130296
MAGIC/DEADSEF.BIN	17376
MAGIC/DEATH.BIN	161176
MAGIC/DEBARIA.BIN	121636
MAGIC/DEBUCHO.BIN	82504
MAGIC/DEJON.BIN	93224
MAGIC/DETHFO.BIN	133156
MAGIC/DETHPER.BIN	131824
MAGIC/DIA1.BIN	194068
MAGIC/DIA2.BIN	220300
MAGIC/DIA.BIN	256944
MAGIC/DISE.BIN	123652
MAGIC/DIVE.BIN	118748
MAGIC/DOKUEKI.BIN	167224
MAGIC/DOKUFUKI.BIN	200352
MAGIC/DRAGONN.BIN	174432
MAGIC/DYNAMITE.BIN	182488
MAGIC/ECHOES.BIN	26748
MAGIC/ELECBALL.BIN	135652
MAGIC/ELEVATOR.BIN	4416
MAGIC/ENERGY.BIN	258616
MAGIC/ERAVE.BIN	246576
MAGIC/ESCAPE.BIN	3796
MAGIC/ESNA.BIN	18484
MAGIC/FAIGA2.BIN	178888
MAGIC/FAIGA.BIN	208848
MAGIC/FAIRA.BIN	55240
MAGIC/FIRE.BIN	67076
MAGIC/FLAME.BIN	55400
MAGIC/FLEA.BIN	243172
MAGIC/FREEZE.BIN	155440
MAGIC/FROG.BIN	207596
MAGIC/FUBUKI.BIN	239600
MAGIC/FULLCARE.BIN	84372
MAGIC/GAISEI.BIN	161364
MAGIC/GAISHU.BIN	111684
MAGIC/GARYU.BIN	191444
MAGIC/GAS.BIN	245756
MAGIC/GATTAI.BIN	448
MAGIC/GEKI1.BIN	152792
MAGIC/GEKI2.BIN	244500
MAGIC/GESUI.BIN	176400
MAGIC/GOBLINP.BIN	145576
MAGIC/GOSPEL.BIN	198940
MAGIC/GRAVIDE.BIN	133732
MAGIC/GRAVIGA1.BIN	137140
MAGIC/GRAVIGA2.BIN	146548
MAGIC/GRAVIRA.BIN	134976
MAGIC/GRENADE.BIN	151208
MAGIC/HADES.BIN	293772
MAGIC/HADO.BIN	258616
MAGIC/HADOHO.BIN	251468
MAGIC/HAKAI.BIN	124780
MAGIC/HAKOU.BIN	24204
MAGIC/HAKUGEK1.BIN	240260
MAGIC/HAKUGEK2.BIN	239984
MAGIC/HANMMER.BIN	105464
MAGIC/HARI1000.BIN	116036
MAGIC/HARRIER.BIN	201776
MAGIC/HATENA.BIN	143888
MAGIC/H_BLOW.BIN	79032
MAGIC/HEART1.BIN	110964
MAGIC/HEART2.BIN	228856
MAGIC/HEATBU.BIN	166404
MAGIC/HEIST.BIN	144324
MAGIC/HIKARI2.BIN	133884
MAGIC/HIKARI3.BIN	133820
MAGIC/HIKARI.BIN	133436
MAGIC/HIWIND.BIN	245792
MAGIC/HMOON.BIN	210812
MAGIC/HO_DEN.BIN	257416
MAGIC/HVSHOT.BIN	21400
MAGIC/HYPER.BIN	250528
MAGIC/IFLEET.BIN	262892
MAGIC/ITO.BIN	124188
MAGIC/IYASHI.BIN	33656
MAGIC/JAKI.BIN	9344
MAGIC/JAMMER2.BIN	250168
MAGIC/JAMMER.BIN	234208
MAGIC/JIBAKU1.BIN	132492
MAGIC/JIBAKU2.BIN	238924
MAGIC/JIBASIRI.BIN	170236
MAGIC/JINRAI.BIN	21036
MAGIC/JOKER1.BIN	129496
MAGIC/JOKER2.BIN	164496
MAGIC/KAEN2.BIN	246084
MAGIC/KAEN.BIN	245556
MAGIC/KAERU.BIN	154032
MAGIC/KAFUN.BIN	236844
MAGIC/KAKUSAN.BIN	235800
MAGIC/KAMA2.BIN	234292
MAGIC/KAMA.BIN	201412
MAGIC/KIEN.BIN	172312
MAGIC/KINZAN.BIN	102584
MAGIC/KNIGHT10.LZS	32653
MAGIC/KNIGHT11.LZS	36947
MAGIC/KNIGHT12.LZS	33955
MAGIC/KNIGHT13.LZS	37177
MAGIC/KNIGHT14.LZS	46617
MAGIC/KNIGHT15.LZS	41859
MAGIC/KNIGHT1.LZS	76471
MAGIC/KNIGHT2.LZS	41441
MAGIC/KNIGHT3.LZS	36616
MAGIC/KNIGHT4.LZS	33477
MAGIC/KNIGHT5.LZS	31923
MAGIC/KNIGHT6.LZS	37870
MAGIC/KNIGHT7.LZS	33390
MAGIC/KNIGHT8.LZS	34298
MAGIC/KNIGHT9.LZS	31495
MAGIC/KNIGHTS.BIN	250152
MAGIC/KONA.BIN	206688
MAGIC/KONOHA.BIN	154288
MAGIC/KOROSI.BIN	233984
MAGIC/KOUDAN1.BIN	209880
MAGIC/KOUDAN2.BIN	211568
MAGIC/KUJATA1.LZS	42917
MAGIC/KUJATA.BIN	263155
MAGIC/KUSAI.BIN	128892
MAGIC/KYOGIRI.BIN	13856
MAGIC/LAMU.BIN	228800
MAGIC/LASBOSS2.BIN	220932
MAGIC/LASBOSS.BIN	224284
MAGIC/LASER2.BIN	120704
MAGIC/LASER.BIN	100596
MAGIC/LASTBOSS.LZS	33447
MAGIC/LGIRL.BIN	233412
MAGIC/LUNATIC.BIN	229804
MAGIC/LV4JIBAK.BIN	138792
MAGIC/LV5DETH.BIN	167516
MAGIC/MABARIA.BIN	3232
MAGIC/MAGEND.BIN	71500
MAGIC/MAGIKAL.BIN	166340
MAGIC/MAGMA2.BIN	108844
MAGIC/MAGMA.BIN	108988
MAGIC/MATRA.BIN	188664
MAGIC/M_BREAK.BIN	22912
MAGIC/MDANCE.BIN	123552
MAGIC/MEIKYO.BIN	184656
MAGIC/MGBEAM.BIN	113988
MAGIC/MINIMAM.BIN	120472
MAGIC/MISSILE.BIN	203244
MAGIC/MIZU.BIN	174248
MAGIC/MIZUFUKI.BIN	236984
MAGIC/MOD.BIN	140212
MAGIC/MRAIN.BIN	261272
MAGIC/MYTYG.BIN	170356
MAGIC/NADARE.BIN	252288
MAGIC/NANNTOKA.BIN	208372
MAGIC/NAPALM.BIN	264336
MAGIC/NETSU.BIN	254500
MAGIC/NIGHT.BIN	182260
MAGIC/NONOSHI.BIN	189472
MAGIC/NORTHERN.BIN	213636
MAGIC/ODIN1.BIN	273180
MAGIC/ODIN1.LZS	82832
MAGIC/ODIN2.BIN	269760
MAGIC/OIL.BIN	247676
MAGIC/ONPA.BIN	68384
MAGIC/ONSEN.BIN	108904
MAGIC/OSEN.BIN	240976
MAGIC/OTSUNAMI.BIN	176020
MAGIC/PHOENIX.BIN	247936
MAGIC/PINK.BIN	210140
MAGIC/PUNCH.BIN	104344
MAGIC/Q_KETSU.BIN	154348
MAGIC/Q_SHU.BIN	154348
MAGIC/QUASAR.BIN	259456
MAGIC/QUEIG.BIN	221536
MAGIC/QUEIK.BIN	133872
MAGIC/QUEIR.BIN	183724
MAGIC/RAISE.BIN	179568
MAGIC/RAKUSEKI.BIN	174656
MAGIC/RANTO.BIN	104056
MAGIC/REAZER.BIN	145484
MAGIC/RE_DO.BIN	251708
MAGIC/REFREC.BIN	3088
MAGIC/REIKI.BIN	254620
MAGIC/REITO.BIN	250300
MAGIC/RENBAKU.BIN	170868
MAGIC/RESIST.BIN	67436
MAGIC/RIVA.BIN	276088
MAGIC/RMISSILE.BIN	247892
MAGIC/ROCKET.BIN	263608
MAGIC/ROLLFIRE.BIN	52832
MAGIC/SAIKYO.BIN	254204
MAGIC/SAILESS.BIN	134788
MAGIC/SATAN.BIN	228908
MAGIC/S_BEAM.BIN	87600
MAGIC/SCOPE.BIN	153960
MAGIC/SDUST.BIN	213048
MAGIC/SEALD.BIN	183224
MAGIC/SEARCH.BIN	119904
MAGIC/SEED.BIN	114320
MAGIC/SEIJA.BIN	161080
MAGIC/SEKIKA.BIN	221296
MAGIC/SENNKOKU.BIN	120304
MAGIC/SFLEA.BIN	245172
MAGIC/S_GUARD.BIN	12840
MAGIC/SHAKU.BIN	251756
MAGIC/SHIELD.BIN	102232
MAGIC/SHINRA.BIN	116944
MAGIC/SHOWER.BIN	177240
MAGIC/SIVA.BIN	263060
MAGIC/SLDFANG.BIN	158164
MAGIC/SLIPL.BIN	134764
MAGIC/SLOW.BIN	43148
MAGIC/SMKBALL.BIN	26424
MAGIC/SMOG2.BIN	236060
MAGIC/SOUTHERN.BIN	213668
MAGIC/SPADE1.BIN	110008
MAGIC/SPADE2.BIN	111200
MAGIC/SPARK.BIN	211564
MAGIC/STING.BIN	116876
MAGIC/STOP.BIN	111240
MAGIC/SUMI.BIN	118884
MAGIC/SUNA.BIN	142448
MAGIC/TAIL.BIN	240788
MAGIC/TAN.BIN	106584
MAGIC/TBREATH.BIN	226008
MAGIC/TEARS.BIN	1120
MAGIC/THREAT.BIN	34132
MAGIC/THUNDER2.BIN	238104
MAGIC/THUNDERA.BIN	102632
MAGIC/THUNDER.BIN	69236
MAGIC/THUNDG1.BIN	146576
MAGIC/THUNDG2.BIN	138880
MAGIC/TIFA.BIN	283584
MAGIC/TIFATIFA.LZS	22846
MAGIC/TIMEDMG.BIN	12776
MAGIC/TITAN.BIN	145832
MAGIC/TOBOE.BIN	103860
MAGIC/TODO.BIN	128896
MAGIC/TORNADO.BIN	77592
MAGIC/TO_SEKI.BIN	73528
MAGIC/TOYBOX.BIN	170572
MAGIC/TRAINN.BIN	168256
MAGIC/TRIANGLE.BIN	242116
MAGIC/TSOL.BIN	121868
MAGIC/TSURARA.BIN	236368
MAGIC/TUPON1.LZS	27915
MAGIC/TUPON.BIN	253236
MAGIC/UTAGOE.BIN	116820
MAGIC/VAHA0_1.LZS	31539
MAGIC/VAHA0_2.LZS	89833
MAGIC/VAHA0_3.LZS	87002
MAGIC/VAHA0_4.LZS	50400
MAGIC/VAHA0_5.LZS	27915
MAGIC/VAHA2_1.LZS	48038
MAGIC/VAHA2_2.LZS	44629
MAGIC/VAHAMUT0.BIN	315540
MAGIC/VAHAMUT1.LZS	55624
MAGIC/VAHAMUT2.BIN	259244
MAGIC/VAHAMUT.BIN	258812
MAGIC/VEGET.BIN	83480
MAGIC/WALL.BIN	5900
MAGIC/WEP3.BIN	244584
MAGIC/WEP4.BIN	259556
MAGIC/WHIRL.BIN	77572
MAGIC/WLASER.BIN	200300
MAGIC/WPBA.BIN	145032
MAGIC/WPBI.BIN	133624
MAGIC/WPCU.BIN	143924
MAGIC/WPEA.BIN	129308
MAGIC/WPKE.BIN	117320
MAGIC/WPSI.BIN	143116
MAGIC/WPYU.BIN	146592
MAGIC/W_WIND.BIN	18508
MAGIC/YAMI.BIN	253400
MAGIC/YU_WAKU.BIN	231304
MAGIC/ZENBAKU.BIN	171776
MENU/BARRE.TIM	2848
MENU/BGINMENU.MNU	2200
MENU/BINS.TIM	2848
MENU/CHNGMENU.MNU	536
MENU/CHOCO.TIM	2848
MENU/CIDO.TIM	2848
MENU/CLOUD.TIM	2848
MENU/CNFGMENU.MNU	37752
MENU/EARITH.TIM	2848
MENU/EQIPMENU.MNU	96752
MENU/FORMMENU.MNU	60020
MENU/ITEMMENU.MNU	17112
MENU/KALI.TIM	2848
MENU/KETC.TIM	2848
MENU/LIMTMENU.MNU	9292
MENU/MGICMENU.MNU	11100
MENU/NAMEMENU.MNU	49304
MENU/PATYMENU.MNU	29900
MENU/PCEFI.TIM	2848
MENU/PCLOUD.TIM	2848
MENU/RED.TIM	2848
MENU/SAVEMENU.MNU	114628
MENU/SHOPMENU.MNU	64948
MENU/STATMENU.MNU	40868
MENU/TIFA.TIM	2848
MENU/YUFI.TIM	2848
MINI/ASERI2.SND	5972
MINI/BGM2.LZS	2598
MINI/BGM.LZS	490
MINI/CDREND.BIN	40
MINI/CHOCOBO.BIN	36805
MINI/CHOCOBO.DAT	1148928
MINI/CONDOR0.LZS	155364
MINI/CONDOR1.LZS	137818
MINI/CONDOR2.LZS	186068
MINI/CONDOR3.LZS	52216
MINI/CONDOR4.LZS	50797
MINI/CONDOR.BIN	39705
MINI/DATA.BIN	5252
MINI/HIGHWAY.BIN	34132
MINI/H_KAWAI.BIN	94996
MINI/H_TEX.BIN	446464
MINI/H_XBIN.BIN	509044
MINI/INITDAT0.BIN	10240
MINI/INITDAT1.BIN	10240
MINI/INITDAT2.BIN	10240
MINI/INITDAT3.BIN	10240
MINI/INITDAT4.BIN	10240
MINI/INITDAT5.BIN	10240
MINI/JET.BIN	14076
MINI/SEN003F.TIZ	6422
MINI/SEN013F.TIZ	7738
MINI/SENSUI.SND	60
MINI/SNOBO2.BIN	81470
MINI/SNOBO.BIN	70476
MINI/SUBMAR.BIN	31404
MINI/TEXADR.BIN	40
MINI/TEX.BIN	19944
MINI/TIM2FR.LZS	45978
MINI/TIMFR.LZS	34879
MINI/TMD2.LZS	217607
MINI/TMD.LZS	197959
MINI/XBIN2.BIN	686424
MINI/XBINADR.BIN	68
MINT/DISKINFO.CNF	270
MINT/MOVIE_ID.BIN	1080
MOVIE/BIKEGET.MOV	18311904
MOVIE/BISKDEAD.STR	2867200
MOVIE/BOOGDEMO.STR	10076160
MOVIE/BOOGDOWN.STR	1269760
MOVIE/BOOGSTAR.STR	25661440
MOVIE/BOOGUP.STR	1269760
MOVIE/BRGNVL.MOV	5080800
MOVIE/CAR_1209.STR	21975040
MOVIE/CHANGE0.LZS	145964
MOVIE/CHANGE1.LZS	160255
MOVIE/CHANGE2.LZS	112987
MOVIE/CHANGE3.LZS	134482
MOVIE/CHANGE4.LZS	141402
MOVIE/CHANGE5.LZS	192713
MOVIE/CHANGE6.LZS	154508
MOVIE/CHANGE7.LZS	133281
MOVIE/CHANGE8.LZS	150725
MOVIE/D_ROPEGO.MOV	4221152
MOVIE/D_ROPEIN.MOV	5136864
MOVIE/EARITHDD.MOV	25488096
MOVIE/FALLPL.MOV	19115488
MOVIE/F_DISK1.LZS	33436
MOVIE/F_DISK2.LZS	33933
MOVIE/F_DISK3.LZS	34209
MOVIE/F_OVER.LZS	209199
MOVIE/FSHIP2.BIN	267224
MOVIE/FSHIP2N.BIN	272004
MOVIE/FUNERAL.STR	11100160
MOVIE/GOLD1.MOV	16816864
MOVIE/GOLD2.MOV	5043424
MOVIE/GOLD3.MOV	4482784
MOVIE/GOLD4.MOV	12929760
MOVIE/GOLD5.STR	3051520
MOVIE/GOLD6.MOV	4408032
MOVIE/GOLD7_2.MOV	9790176
MOVIE/GOLD7.MOV	8482016
MOVIE/HIWIND0.MOV	7005664
MOVIE/JAIROFAL.MOV	5361120
MOVIE/JAIROFLY.MOV	15247072
MOVIE/JUNAIRD.STR	1310720
MOVIE/JUNAIRU.STR	1310720
MOVIE/JUNELEGO.STR	1966080
MOVIE/JUNELEIN.STR	1966080
MOVIE/JUNIN_GO.STR	2273280
MOVIE/JUNIN_IN.STR	2273280
MOVIE/JUNON.STR	9871360
MOVIE/MAINPLR.MOV	5510624
MOVIE/MK8.STR	1064960
MOVIE/MKUP.STR	2764800
MOVIE/MONITOR.STR	2314240
MOVIE/MTCRL.STR	1269760
MOVIE/MTNVL2.STR	3543040
MOVIE/MTNVL.STR	6184960
MOVIE/NIVLSFS.MOV	9322976
MOVIE/NORTHMK.MOV	5734880
MOVIE/NULL1MIN.DAT	6000000
MOVIE/NVLJV_FR.MOV	16744448
MOVIE/NVLMK.MOV	8313824
MOVIE/ONTRAIN.MOV	4520160
MOVIE/OPENING.BIN	175012
MOVIE/OPENINGE.MOV	44720384
MOVIE/OPENMV.BIN	189260
MOVIE/OVER2.SND	1952
MOVIE/PLREXP.MOV	5847008
MOVIE/RCKTFAIL.MOV	15004128
MOVIE/SETO.STR	2949120
MOVIE/SMK.STR	589824
MOVIE/SOUTHMK.MOV	6762720
MOVIE/STAFF2.BIN	300140
MOVIE/STAFF.BIN	430188
MOVIE/U_ROPEGO.MOV	3380192
MOVIE/U_ROPEIN.MOV	3959520
SCES_008.68	397312
SOUND/EFFECT.ALL	51200
SOUND/INSTR2.ALL	251120
SOUND/INSTR2.DAT	8192
SOUND/INSTR.ALL	483232
SOUND/INSTR.DAT	8192
STAGE1/CAMDAT0.LZS	23847
STAGE1/CAMDAT1.LZS	19801
STAGE1/CAMDAT2.LZS	19939
STAGE1/STAGE00.LZS	247
STAGE1/STAGE01.LZS	178908
STAGE1/STAGE02.LZS	199465
STAGE1/STAGE03.LZS	196365
STAGE1/STAGE04.LZS	173487
STAGE1/STAGE05.LZS	189821
STAGE1/STAGE06.LZS	111446
STAGE1/STAGE07.LZS	193073
STAGE1/STAGE08.LZS	172995
STAGE1/STAGE09.LZS	167248
STAGE1/STAGE10.LZS	133099
STAGE1/STAGE11.LZS	144486
STAGE1/STAGE12.LZS	160590
STAGE1/STAGE13.LZS	130985
STAGE1/STAGE14.LZS	177227
STAGE1/STAGE15.LZS	143430
STAGE1/STAGE16.LZS	172318
STAGE1/STAGE17.LZS	171897
STAGE1/STAGE18.LZS	137671
STAGE1/STAGE19.LZS	160369
STAGE1/STAGE20.LZS	118340
STAGE1/STAGE21.LZS	183426
STAGE1/STAGE22.LZS	136737
STAGE1/STAGE23.LZS	185251
STAGE1/STAGE24.LZS	137759
STAGE1/STAGE25.LZS	150605
STAGE1/STAGE26.LZS	161842
STAGE1/STAGE27.LZS	194828
STAGE1/STAGE28.LZS	182022
STAGE1/STAGE29.LZS	145094
STAGE1/STAGE30.LZS	90077
STAGE1/STAGE31.LZS	193227
STAGE1/STAGE32.LZS	197801
STAGE1/STAGE33.LZS	183820
STAGE1/STAGE34.LZS	185443
STAGE1/STAGE35.LZS	117575
STAGE1/STAGE36.LZS	187424
STAGE1/STAGE37.LZS	203426
STAGE1/STAGE38.LZS	197320
STAGE1/STAGE39.LZS	120241
STAGE1/STAGE40.LZS	180634
STAGE1/STAGE41.LZS	160988
STAGE1/STAGE42.LZS	204992
STAGE1/STAGE43.LZS	169232
STAGE1/STAGE44.LZS	177928
STAGE1/STAGE45.LZS	218402
STAGE1/STAGE46.LZS	154921
STAGE1/STAGE47.LZS	208082
STAGE1/STAGE48.LZS	164985
STAGE1/STAGE49.LZS	133099
STAGE2/STAGE50.LZS	196151
STAGE2/STAGE51.LZS	144121
STAGE2/STAGE52.LZS	154276
STAGE2/STAGE53.LZS	123937
STAGE2/STAGE54.LZS	202341
STAGE2/STAGE55.LZS	161343
STAGE2/STAGE56.LZS	204365
STAGE2/STAGE57.LZS	176349
STAGE2/STAGE58.LZS	153867
STAGE2/STAGE59.LZS	171002
STAGE2/STAGE60.LZS	247
STAGE2/STAGE61.LZS	209739
STAGE2/STAGE62.LZS	92699
STAGE2/STAGE63.LZS	122042
STAGE2/STAGE64.LZS	154459
STAGE2/STAGE65.LZS	216709
STAGE2/STAGE66.LZS	164108
STAGE2/STAGE67.LZS	179505
STAGE2/STAGE68.LZS	180264
STAGE2/STAGE69.LZS	179686
STAGE2/STAGE70.LZS	84249
STAGE2/STAGE71.LZS	161256
STAGE2/STAGE72.LZS	196341
STAGE2/STAGE73.LZS	172225
STAGE2/STAGE74.LZS	221425
STAGE2/STAGE75.LZS	126553
STAGE2/STAGE76.LZS	167672
STAGE2/STAGE77.LZS	119267
STAGE2/STAGE78.LZS	85241
STAGE2/STAGE79.LZS	192133
STAGE2/STAGE80.LZS	174113
STAGE2/STAGE81.LZS	166084
STAGE2/STAGE82.LZS	247
STAGE2/STAGE83.LZS	57533
STAGE2/STAGE84.LZS	71572
STAGE2/STAGE85.LZS	149936
STAGE2/STAGE86.LZS	145761
STAGE2/STAGE87.LZS	208101
STAGE2/STAGE88.LZS	186919
STAGE2/STAGE89.LZS	192389
STARTUP/SCEEP2.LZS	81786
STARTUP/WARNING.TIM	327700
SYSTEM.CNF	68
WORLD/FIELD.TBL	1536
WORLD/WM0.BOT	15638528
WORLD/WM0.BSZ	12435
WORLD/WM0.EV	30720
WORLD/WM0.MAP	3250176
WORLD/WM0S.TXZ	165271
WORLD/WM0.TXZ	448253
WORLD/WM1.BOT	2
WORLD/WM1.BSZ	13227
WORLD/WM1.EV	16384
WORLD/WM1.MAP	2
WORLD/WM1S.TXZ	173658
WORLD/WM1.TXZ	456657
WORLD/WM2.BOT	2260992
WORLD/WM2.BSZ	12623
WORLD/WM2.EV	30720
WORLD/WM2.MAP	565248
WORLD/WM2S.TXZ	174386
WORLD/WM2.TXZ	457378
WORLD/WM3.BOT	753664
WORLD/WM3.BSZ	103565
WORLD/WM3.EV	30720
WORLD/WM3.MAP	188416
WORLD/WM3S.TXZ	174564
WORLD/WM3.TXZ	457562
WORLD/WM4S.TXZ	175287
WORLD/WM4.TXZ	458281
WORLD/WM5S.TXZ	176759
WORLD/WM5.TXZ	459751
WORLD/WM6S.TXZ	177671
WORLD/WM6.TXZ	460662
WORLD/WM7S.TXZ	174432
WORLD/WM7.TXZ	457447
WORLD/WM8S.TXZ	175332
WORLD/WM8.TXZ	458347
WORLD/WM9S.TXZ	134870
WORLD/WM9.TXZ	417870
WORLD/WMAS.TXZ	134974
WORLD/WMA.TXZ	417973
WORLD/WMB.TXZ	147168
WORLD/WMC.TXZ	44772
WORLD/WM.PRE	280222
WORLD/WORLD.BIN	66860
